month,gold_close,usd_close,cpi_yoy_pct,real_yield_pct,gpr,btc_usd,aux_usd,xag_usd,cb_demand,fed_rate_pct,nasdaq_close,au9999_close,usd_cny,tencent_close,sp500_close,nikkei_close,dax_close,cac40_close,kospi_close,shanghai_close
1954-07,,,,,,,,,,0.8,,,,,,,,,,
1954-08,,,,,,,,,,1.2,,,,,,,,,,
1954-09,,,,,,,,,,1.1,,,,,,,,,,
1954-10,,,,,,,,,,0.8,,,,,,,,,,
1954-11,,,,,,,,,,0.8,,,,,,,,,,
1954-12,,,,,,,,,,1.3,,,,,,,,,,
1955-01,,,,,,,,,,1.4,,,,,,,,,,
1955-02,,,,,,,,,,1.3,,,,,,,,,,
1955-03,,,,,,,,,,1.4,,,,,,,,,,
1955-04,,,,,,,,,,1.4,,,,,,,,,,
1955-05,,,,,,,,,,1.4,,,,,,,,,,
1955-06,,,,,,,,,,1.6,,,,,,,,,,
1955-07,,,,,,,,,,1.7,,,,,,,,,,
1955-08,,,,,,,,,,2.0,,,,,,,,,,
1955-09,,,,,,,,,,2.2,,,,,,,,,,
1955-10,,,,,,,,,,2.2,,,,,,,,,,
1955-11,,,,,,,,,,2.4,,,,,,,,,,
1955-12,,,,,,,,,,2.5,,,,,,,,,,
1956-01,,,,,,,,,,2.4,,,,,,,,,,
1956-02,,,,,,,,,,2.5,,,,,,,,,,
1956-03,,,,,,,,,,2.5,,,,,,,,,,
1956-04,,,,,,,,,,2.6,,,,,,,,,,
1956-05,,,,,,,,,,2.8,,,,,,,,,,
1956-06,,,,,,,,,,2.7,,,,,,,,,,
1956-07,,,,,,,,,,2.8,,,,,,,,,,
1956-08,,,,,,,,,,2.7,,,,,,,,,,
1956-09,,,,,,,,,,3.0,,,,,,,,,,
1956-10,,,,,,,,,,3.0,,,,,,,,,,
1956-11,,,,,,,,,,2.9,,,,,,,,,,
1956-12,,,,,,,,,,2.9,,,,,,,,,,
1957-01,,,,,,,,,,2.8,,,,,,,,,,
1957-02,,,,,,,,,,3.0,,,,,,,,,,
1957-03,,,,,,,,,,3.0,,,,,,,,,,
1957-04,,,,,,,,,,3.0,,,,,,,,,,
1957-05,,,,,,,,,,3.0,,,,,,,,,,
1957-06,,,,,,,,,,3.0,,,,,,,,,,
1957-07,,,,,,,,,,3.0,,,,,,,,,,
1957-08,,,,,,,,,,3.2,,,,,,,,,,
1957-09,,,,,,,,,,3.5,,,,,,,,,,
1957-10,,,,,,,,,,3.5,,,,,,,,,,
1957-11,,,,,,,,,,3.3,,,,,,,,,,
1957-12,,,,,,,,,,3.0,,,,,,,,,,
1958-01,,,,,,,,,,2.7,,,,,,,,,,
1958-02,,,,,,,,,,1.7,,,,,,,,,,
1958-03,,,,,,,,,,1.2,,,,,,,,,,
1958-04,,,,,,,,,,1.3,,,,,,,,,,
1958-05,,,,,,,,,,0.6,,,,,,,,,,
1958-06,,,,,,,,,,0.9,,,,,,,,,,
1958-07,,,,,,,,,,0.7,,,,,,,,,,
1958-08,,,,,,,,,,1.5,,,,,,,,,,
1958-09,,,,,,,,,,1.8,,,,,,,,,,
1958-10,,,,,,,,,,1.8,,,,,,,,,,
1958-11,,,,,,,,,,2.3,,,,,,,,,,
1958-12,,,,,,,,,,2.4,,,,,,,,,,
1959-01,,,,,,,,,,2.5,,,,,,,,,,
1959-02,,,,,,,,,,2.4,,,,,,,,,,
1959-03,,,,,,,,,,2.8,,,,,,,,,,
1959-04,,,,,,,,,,3.0,,,,,,,,,,
1959-05,,,,,,,,,,2.9,,,,,,,,,,
1959-06,,,,,,,,,,3.4,,,,,,,,,,
1959-07,,,,,,,,,,3.5,,,,,,,,,,
1959-08,,,,,,,,,,3.5,,,,,,,,,,
1959-09,,,,,,,,,,3.8,,,,,,,,,,
1959-10,,,,,,,,,,4.0,,,,,,,,,,
1959-11,,,,,,,,,,4.0,,,,,,,,,,
1959-12,,,,,,,,,,4.0,,,,,,,,,,
1960-01,,,,,,,,,,4.0,,,,,,,9.3,,,
1960-02,,,,,,,,,,4.0,,,,,,,9.4,,,
1960-03,,,,,,,,,,3.8,,,,,,,9.2,,,
1960-04,,,,,,,,,,3.9,,,,,,,9.5,,,
1960-05,,,,,,,,,,3.8,,,,,,,10.1,,,
1960-06,,,,,,,,,,3.3,,,,,,,11.5,,,
1960-07,,,,,,,,,,3.2,,,,,,,12.4,,,
1960-08,,,,,,,,,,3.0,,,,,,,13.4,,,
1960-09,,,,,,,,,,2.6,,,,,,,13.4,,,
1960-10,,,,,,,,,,2.5,,,,,,,12.6,,,
1960-11,,,,,,,,,,2.4,,,,,,,12.4,,,
1960-12,,,,,,,,,,2.0,,,,,,,12.1,,,
1961-01,,,,,,,,,,1.4,,,,,,,12.0,,,
1961-02,,,,,,,,,,2.5,,,,,,,11.9,,,
1961-03,,,,,,,,,,2.0,,,,,,,11.7,,,
1961-04,,,,,,,,,,1.5,,,,,,,12.0,,,
1961-05,,,,,,,,,,2.0,,,,,,,12.5,,,
1961-06,,,,,,,,,,1.7,,,,,,,12.6,,,
1961-07,,,,,,,,,,1.2,,,,,,,11.5,,,
1961-08,,,,,,,,,,2.0,,,,,,,11.0,,,
1961-09,,,,,,,,,,1.9,,,,,,,10.5,,,
1961-10,,,,,,,,,,2.3,,,,,,,10.7,,,
1961-11,,,,,,,,,,2.6,,,,,,,11.4,,,
1961-12,,,,,,,,,,2.3,,,,,,,11.0,,,
1962-01,,,,,,,,,,2.2,,,,,,,10.8,,,
1962-02,,,,,,,,,,2.4,,,,,,,10.6,,,
1962-03,,,,,,,,,,2.8,,,,,,,10.5,,,
1962-04,,,,,,,,,,2.8,,,,,,,10.2,,,
1962-05,,,,,,,,,,2.4,,,,,,,9.4,,,
1962-06,,,,,,,,,,2.7,,,,,,,8.5,,,
1962-07,,,,,,,,,,2.7,,,,,,,8.3,,,
1962-08,,,,,,,,,,2.9,,,,,,,8.0,,,
1962-09,,,,,,,,,,2.9,,,,,,,7.8,,,
1962-10,,,,,,,,,,2.9,,,,,,,7.2,,,
1962-11,,,,,,,,,,2.9,,,,,,,8.0,,,
1962-12,,,,,,,,,,2.9,,,,,,,8.3,,,
1963-01,,,,,,,,,,2.9,,,,,,,8.0,,,
1963-02,,,,,,,,,,3.0,,,,,,,7.8,,,
1963-03,,,,,,,,,,3.0,,,,,,,7.8,,,
1963-04,,,,,,,,,,2.9,,,,,,,8.0,,,
1963-05,,,,,,,,,,3.0,,,,,,,8.7,,,
1963-06,,,,,,,,,,3.0,,,,,,,8.8,,,
1963-07,,,,,,,,,,3.0,,,,,,,8.8,,,
1963-08,,,,,,,,,,3.5,,,,,,,9.2,,,
1963-09,,,,,,,,,,3.5,,,,,,,9.4,,,
1963-10,,,,,,,,,,3.5,,,,,,,9.2,,,
1963-11,,,,,,,,,,3.5,,,,,,,9.0,,,
1963-12,,,,,,,,,,3.4,,,,,,,9.1,,,
1964-01,,,,,,,,,,3.5,,,,,,,9.6,,,
1964-02,,,,,,,,,,3.5,,,,,,,9.8,,,
1964-03,,,,,,,,,,3.4,,,,,,,10.2,,,
1964-04,,,,,,,,,,3.5,,,,,,,10.2,,,
1964-05,,,,,,,,,,3.5,,,,,,,10.0,,,
1964-06,,,,,,,,,,3.5,,,,,,,9.8,,,
1964-07,,,,,,,,,,3.4,,,,,,,10.0,,,
1964-08,,,,,,,,,,3.5,,,,,,,10.2,,,
1964-09,,,,,,,,,,3.4,,,,,,,10.3,,,
1964-10,,,,,,,,,,3.4,,,,,,,9.9,,,
1964-11,,,,,,,,,,3.5,,,,,,,9.6,,,
1964-12,,,,,,,,,,3.8,,,,,,,9.6,,,
1965-01,,,,,,,,,,3.9,,,,,,,9.6,,,
1965-02,,,,,,,,,,4.0,,,,,,,9.4,,,
1965-03,,,,,,,,,,4.0,,,,,,,9.2,,,
1965-04,,,,,,,,,,4.1,,,,,,,9.2,,,
1965-05,,,,,,,,,,4.1,,,,,,,9.0,,,
1965-06,,,,,,,,,,4.0,,,,,,,8.7,,,
1965-07,,,,,,,,,,4.1,,,,,,,8.6,,,
1965-08,,,,,,,,,,4.1,,,,,,,8.8,,,
1965-09,,,,,,,,,,4.0,,,,,,,8.8,,,
1965-10,,,,,,,,,,4.1,,,,,,,8.5,,,
1965-11,,,,,,,,,,4.1,,,,,,,8.3,,,
1965-12,,,,,,,,,,4.3,,,,,,,8.2,,,
1966-01,,,,,,,,,,4.4,,,,,,,8.4,,,
1966-02,,,,,,,,,,4.6,,,,,,,8.5,,,
1966-03,,,,,,,,,,4.7,,,,,,,8.4,,,
1966-04,,,,,,,,,,4.7,,,,,,,8.2,,,
1966-05,,,,,,,,,,4.9,,,,,,,7.7,,,
1966-06,,,,,,,,,,5.2,,,,,,,7.3,,,
1966-07,,,,,,,,,,5.3,,,,,,,6.9,,,
1966-08,,,,,,,,,,5.5,,,,,,,7.0,,,
1966-09,,,,,,,,,,5.4,,,,,,,7.1,,,
1966-10,,,,,,,,,,5.5,,,,,,,6.9,,,
1966-11,,,,,,,,,,5.8,,,,,,,6.7,,,
1966-12,,,,,,,,,,5.4,,,,,,,6.7,,,
1967-01,,,,,,,,,,4.9,,,,,,,6.7,,,
1967-02,,,,,,,,,,5.0,,,,,,,7.2,,,
1967-03,,,,,,,,,,4.5,,,,,,,7.3,,,
1967-04,,,,,,,,,,4.0,,,,,,,7.2,,,
1967-05,,,,,,,,,,3.9,,,,,,,7.1,,,
1967-06,,,,,,,,,,4.0,,,,,,,7.0,,,
1967-07,,,,,,,,,,3.8,,,,,,,7.1,,,
1967-08,,,,,,,,,,3.9,,,,,,,8.0,,,
1967-09,,,,,,,,,,4.0,,,,,,,8.3,,,
1967-10,,,,,,,,,,3.9,,,,,,,8.4,,,
1967-11,,,,,,,,,,4.1,,,,,,,8.8,,,
1967-12,,,,,,,,,,4.5,,,,,,,8.9,,,
1968-01,,,,,,,,,,4.6,,,,,,,9.5,,,
1968-02,,,,,,,,,,4.7,,,,,,,9.5,,,
1968-03,,,,,,,,,,5.0,,,,,,,9.5,,,
1968-04,,,,,,,,,,5.8,,,,,,,10.0,,,
1968-05,,,,,,,,,,6.1,,,,,,,10.0,,,
1968-06,,,,,,,,,,6.1,,,,,,,10.2,,,
1968-07,,,,,,,,,,6.0,,,,,,,10.4,,,
1968-08,,,,,,,,,,6.0,,,,,,,10.5,,,
1968-09,,,,,,,,,,5.8,,,,,,,10.3,,,
1968-10,,,,,,,,,,5.9,,,,,,,10.5,,,
1968-11,,,,,,,,,,5.8,,,,,,,10.3,,,
1968-12,,,,,,,,,,6.0,,,,,,,10.1,,,
1969-01,,,,,,,,,,6.3,,,,,,,10.3,,,
1969-02,,,,,,,,,,6.6,,,,,,,10.5,,,
1969-03,,,,,,,,,,6.8,,,,,,,10.5,,,
1969-04,,,,,,,,,,7.4,,,,,,,10.5,,,
1969-05,,,,,,,,,,8.7,,,,,,,11.0,,,
1969-06,,,,,,,,,,8.9,,,,,,,11.0,,,
1969-07,,,,,,,,,,8.6,,,,,,,10.5,,,
1969-08,,,,,,,,,,9.2,,,,,,,10.9,,,
1969-09,,,,,,,,,,9.2,,,,,,,11.0,,,
1969-10,,,,,,,,,,9.0,,,,,,,11.4,,,
1969-11,,,,,,,,,,8.8,,,,,,,12.0,,,
1969-12,,,,,,,,,,9.0,,,,,,,11.6,,,
1970-01,,,,,,,,,,9.0,,,,,,,11.2,5.9,,
1970-02,,,,,,,,,,9.0,,,,,,,10.9,5.7,,
1970-03,,,,,,,,,,7.8,,,,,,,10.6,5.6,,
1970-04,,,,,,,,,,8.1,,,,,,,10.7,5.4,,
1970-05,,,,,,,,,,8.0,,,,,,,9.6,5.2,,
1970-06,,,,,,,,,,7.6,,,,,,,9.2,5.1,,
1970-07,,,,,,,,,,7.2,,,,,,,9.1,5.3,,
1970-08,,,,,,,,,,6.6,,,,,,,9.5,5.3,,
1970-09,,,,,,,,,,6.3,,,,,,,9.2,5.2,,
1970-10,,,,,,,,,,6.2,,,,,,,9.1,5.3,,
1970-11,,,,,,,,,,5.6,,,,,,,8.8,5.2,,
1970-12,,,,,,,,,,4.9,,,,,,,8.6,5.2,,
1971-01,,,,,,,,,,4.1,,,,,,,9.1,5.2,,
1971-02,,,,,,,,,,3.7,101.0,,,,,,9.8,5.4,,
1971-03,,,,,,,,,,3.7,104.5,,,,,,10.1,5.3,,
1971-04,,,,,,,,,,4.2,109.6,,,,,,9.9,5.3,,
1971-05,,,,,,,,,,4.6,109.6,,,,,,9.5,5.4,,
1971-06,,,,,,,,,,4.9,108.6,,,,,,9.5,5.4,,
1971-07,,,,,,,,,,5.3,109.3,,,,,,9.6,5.4,,
1971-08,,,,,,,,,,5.6,106.5,,,,,,9.6,5.2,,
1971-09,,,,,,,,,,5.6,109.5,,,,,,9.0,4.9,,
1971-10,,,,,,,,,,5.2,108.4,,,,,,8.8,4.6,,
1971-11,,,,,,,,,,4.9,103.6,,,,,,8.2,4.8,,
1971-12,,,,,,,,,,4.1,109.8,,,,,,8.8,4.8,,
1972-01,,,,,,,,,,3.5,116.5,,,,,,9.1,4.9,,
1972-02,,,,,,,,,,3.3,122.7,,,,,,9.7,5.0,,
1972-03,,,,,,,,,,3.8,127.5,,,,,,10.1,5.4,,
1972-04,,,,,,,,,,4.2,131.8,,,,,,10.4,5.7,,
1972-05,,,,,,,,,,4.3,130.5,,,,,,10.6,6.0,,
1972-06,,,,,,,,,,4.5,131.0,,,,,,10.5,5.7,,
1972-07,,,,,,,,,,4.6,129.2,,,,,,10.4,6.0,,
1972-08,,,,,,,,,,4.8,130.6,,,,,,10.9,6.2,,
1972-09,,,,,,,,,,4.9,128.3,,,,,,10.5,6.3,,
1972-10,,,,,,,,,,5.0,128.4,,,,,,10.2,6.3,,
1972-11,,,,,,,,,,5.1,132.7,,,,,,10.3,5.9,,
1972-12,,,,,,,,,,5.3,133.3,,,,,,10.1,5.8,,
1973-01,,,,,,,,,,5.9,133.5,,,,,,10.6,6.1,,
1973-02,,,,,,,,,,6.6,124.5,,,,,,10.4,6.1,,
1973-03,,,,,,,,,,7.1,119.6,,,,,,10.8,6.5,,
1973-04,,,,,,,,,,7.1,113.0,,,,,,10.9,6.7,,
1973-05,,,,,,,,,,7.8,106.4,,,,,,9.9,6.9,,
1973-06,,,,,,,,,,8.5,101.8,,,,,,9.6,6.7,,
1973-07,,,,,,,,,,10.4,104.7,,,,,,9.0,6.4,,
1973-08,,,,,,,,,,10.5,104.4,,,,,,8.9,6.3,,
1973-09,,,,,,,,,,10.8,107.6,,,,,,8.8,6.3,,
1973-10,,,,,,,,,,10.0,112.4,,,,,,8.9,6.4,,
1973-11,,,,,,,,,,10.0,101.3,,,,,,8.7,5.9,,
1973-12,,,,,,,,,,10.0,90.8,,,,,,8.1,5.8,,
1974-01,,,,,,,,,,9.6,94.2,,,,,,8.4,6.1,,
1974-02,,,,,,,,,,9.0,92.2,,,,,,8.5,5.9,,
1974-03,,,,,,,,,,9.4,95.0,,,,,,8.2,5.4,,
1974-04,,,,,,,,,,10.5,89.6,,,,,,8.4,5.2,,
1974-05,,,,,,,,,,11.3,83.4,,,,,,8.4,5.1,,
1974-06,,,,,,,,,,11.9,81.0,,,,,,8.1,4.8,,
1974-07,,,,,,,,,,12.9,72.4,,,,,,7.8,4.8,,
1974-08,,,,,,,,,,12.0,66.6,,,,,,7.9,4.4,,
1974-09,,,,,,,,,,11.3,58.6,,,,,,7.6,3.7,,
1974-10,,,,,,,,,,10.1,60.6,,,,,,7.4,4.0,,
1974-11,,,,,,,,,,9.4,63.9,,,,,,7.6,4.0,,
1974-12,,,,,,,,,,8.5,59.2,,,,,,8.0,4.1,,
1975-01,,,,,,,,,,7.1,64.5,,,,,,8.3,4.8,,
1975-02,,,,,,,,,,6.2,72.1,,,,,,8.9,4.7,,
1975-03,,,,,,,,,,5.5,75.1,,,,,,9.5,5.1,,
1975-04,,,,,,,,,,5.5,77.0,,,,,,9.8,5.5,,
1975-05,,,,,,,,,,5.2,81.8,,,,,,9.5,5.0,,
1975-06,,,,,,,,,,5.6,84.6,,,,,,9.1,4.9,,
1975-07,,,,,,,,,,6.1,85.6,,,,,,9.5,5.1,,
1975-08,,,,,,,,,,6.1,78.4,,,,,,9.6,5.3,,
1975-09,,,,,,,,,,6.2,75.9,,,,,,9.3,5.2,,
1975-10,,,,,,,,,,5.8,77.3,,,,,,9.6,5.2,,
1975-11,,,,,,,,,,5.2,78.0,,,,,,10.1,5.4,,
1975-12,,,,,,,,,,5.2,75.9,,,,,,10.3,5.4,,
1976-01,,,,,,,,,,4.9,83.4,,,,,,10.5,5.5,,
1976-02,,,,,,,,,,4.8,89.3,,,,,,10.6,5.8,,
1976-03,,,,,,,,,,4.8,90.2,,,,,,10.8,5.7,,
1976-04,,,,,,,,,,4.8,90.1,,,,,,10.6,5.4,,
1976-05,,,,,,,,,,5.3,89.3,,,,,,10.0,5.3,,
1976-06,,,,,,,,,,5.5,88.8,,,,,,10.0,5.2,,
1976-07,,,,,,,,,,5.3,91.4,,,,,,9.9,5.0,,
1976-08,,,,,,,,,,5.3,90.9,,,,,,9.8,5.0,,
1976-09,,,,,,,,,,5.2,91.4,,,,,,9.8,4.9,,
1976-10,,,,,,,,,,5.0,89.5,,,,,,9.4,4.3,,
1976-11,,,,,,,,,,5.0,89.5,,,,,,9.4,4.2,,
1976-12,,,,,,,,,,4.6,94.6,,,,,,9.5,4.4,,
1977-01,,,,,,,,,,4.6,96.9,,,,,,9.7,4.5,,
1977-02,,,,,,,,,,4.7,96.1,,,,,,9.6,4.2,,
1977-03,,,,,,,,,,4.7,95.7,,,,,,9.5,3.9,,
1977-04,,,,,,,,,,4.7,95.0,,,,,,10.0,3.6,,
1977-05,,,,,,,,,,5.4,96.9,,,,,,10.2,3.7,,
1977-06,,,,,,,,,,5.4,97.9,,,,,,10.0,4.0,,
1977-07,,,,,,,,,,5.4,101.3,,,,,,10.0,3.8,,
1977-08,,,,,,,,,,5.9,100.6,,,,,,10.3,4.1,,
1977-09,,,,,,,,,,6.1,100.4,,,,,,10.3,4.2,,
1977-10,,,,,,,,,,6.5,99.2,,,,,,10.4,4.3,,
1977-11,,,,,,,,,,6.5,100.7,,,,,,10.7,4.3,,
1977-12,,,,,,,,,,6.6,103.7,,,,,,10.5,4.1,,
1978-01,,,,,,,,,,6.7,100.8,,,,,,10.6,3.8,,
1978-02,,,,,,,,,,6.8,102.4,,,,,,10.7,3.9,,
1978-03,,,,,,,,,,6.8,104.0,,,,,,10.6,4.6,,
1978-04,,,,,,,,,,6.9,110.8,,,,,,10.5,5.0,,
1978-05,,,,,,,,,,7.4,119.1,,,,,,10.3,5.1,,
1978-06,,,,,,,,,,7.6,122.0,,,,,,10.7,5.2,,
1978-07,,,,,,,,,,7.8,122.1,,,,,,10.9,5.8,,
1978-08,,,,,,,,,,8.0,132.5,,,,,,11.1,5.8,,
1978-09,,,,,,,,,,8.4,135.2,,,,,,11.4,6.4,,
1978-10,,,,,,,,,,9.0,127.7,,,,,,11.6,6.1,,
1978-11,,,,,,,,,,9.8,114.1,,,,,,11.3,6.0,,
1978-12,,,,,,,,,,10.0,117.2,,,,,,11.2,6.1,,
1979-01,,,,,,,,,,10.1,123.7,,,,,,11.4,6.2,,
1979-02,,,,,,,,,,10.1,124.5,,,,,,11.1,5.8,,
1979-03,,,,,,,,,,10.1,128.1,,,,,,10.9,6.1,,
1979-04,,,,,,,,,,10.0,133.4,,,,,,10.8,6.3,,
1979-05,,,,,,,,,,10.2,131.3,,,,,,10.5,6.2,,
1979-06,,,,,,,,,,10.3,135.6,,,,,,10.1,6.6,,
1979-07,,,,,,,,,,10.5,138.6,,,,,,10.1,6.7,,
1979-08,,,,,,,,,,10.9,146.7,,,,,,10.4,7.3,,
1979-09,,,,,,,,,,11.4,149.2,,,,,,10.5,8.0,,
1979-10,,,,,,,,,,13.8,140.5,,,,,,10.3,7.2,,
1979-11,,,,,,,,,,13.2,138.8,,,,,,9.9,7.3,,
1979-12,,,,,,,,,,13.8,148.7,,,,,,9.9,7.2,,
1980-01,,,,,,,,,,13.8,155.1,,,,,,9.8,7.9,,
1980-02,,,,,,,,,,14.1,161.6,,,,,,10.2,8.0,,
1980-03,,,,,,,,,,17.2,141.1,,,,,,9.7,7.2,,
1980-04,,,,,,,,,,17.6,136.3,,,,,,9.6,7.3,,
1980-05,,,,,,,,,,11.0,145.7,,,,,,9.8,7.8,,
1980-06,,,,,,,,,,9.5,155.4,,,,,,10.1,7.8,,
1980-07,,,,,,,,,,9.0,166.9,,,,,,10.3,7.7,,
1980-08,,,,,,,,,,9.6,177.7,,,,,,10.4,7.7,,
1980-09,,,,,,,,,,10.9,189.5,,,,,,10.3,7.8,,
1980-10,,,,,,,,,,12.8,195.8,,,,,,10.4,8.4,,
1980-11,,,,,,,,,,15.8,200.7,,,,,,10.1,8.3,,
1980-12,,,,,,,,,,18.9,198.4,,,,,,10.0,8.0,,
1981-01,,,,,,,,,,19.1,198.8,,1.55,,,,10.0,7.4,,
1981-02,,,,,,,,,,15.9,194.9,,1.61,,,,9.8,7.8,,
1981-03,,,,,,,,,,14.7,203.6,,1.63,,,,10.0,8.1,,
1981-04,,,,,,,,,,15.7,215.1,,1.67,,,,10.4,7.6,,
1981-05,,,,,,,,,,18.5,216.5,,1.73,,,,10.3,6.3,,
1981-06,,,,,,,,,,19.1,220.0,,1.76,,,,10.6,5.9,,
1981-07,,,,,,,,,,19.0,209.7,,1.76,,,,10.8,6.5,,
1981-08,,,,,,,,,,17.8,206.6,,1.8,,,,10.8,6.8,,
1981-09,,,,,,,,,,15.9,185.4,,1.75,,,,10.4,6.8,,
1981-10,,,,,,,,,,15.1,190.2,,1.76,,,,10.1,6.3,,
1981-11,,,,,,,,,,13.3,199.2,,1.74,,,,10.1,6.5,,
1981-12,,,,,,,,,,12.4,197.1,,1.74,,,,10.1,6.6,,
1982-01,,,,,,,,,,13.2,187.7,,1.77,,,,10.0,7.2,,
1982-02,,,,,,,,,,14.8,182.6,,1.82,,,,10.3,7.5,,
1982-03,,,,,,,,,,14.7,173.3,,1.84,,,,10.5,5.6,,
1982-04,,,,,,,,,,14.9,181.8,,1.86,,,,10.6,7.2,,
1982-05,,,,,,,,,,14.4,184.6,,1.81,,,,10.4,7.1,,
1982-06,,,,,,,,,,14.2,172.1,,1.9,,,,10.2,6.5,,
1982-07,,,,,,,,,,12.6,169.6,,1.93,,,,10.1,6.3,,
1982-08,,,,,,,,,,10.1,167.4,,1.94,,,,10.0,6.6,,
1982-09,,,,,,,,,,10.3,185.1,,1.96,,,,10.3,6.5,,
1982-10,,,,,,,,,,9.7,203.9,,1.99,,,,10.7,6.6,,
1982-11,,,,,,,,,,9.2,227.0,,2.0,,,,10.8,6.8,,
1982-12,,,,,,,,,,9.0,233.0,,1.94,,,,11.4,6.6,,
1983-01,,,,,,,,,,8.7,241.5,,1.92,,,,11.4,7.0,,
1983-02,,,,,,,,,,8.5,256.1,,1.97,,,,11.8,7.3,,
1983-03,,,,,,,,,,8.8,266.5,,1.98,,,,12.9,7.9,,
1983-04,,,,,,,,,,8.8,279.5,,1.99,,,,14.0,8.4,,
1983-05,,,,,,,,,,8.6,302.4,,1.99,,,,14.1,8.9,,
1983-06,,,,,,,,,,9.0,319.3,,1.99,,,,14.0,8.7,,
1983-07,,,,,,,,,,9.4,316.1,,2.0,,,,14.6,9.1,,
1983-08,,,,,,,,,,9.6,296.9,,1.98,,,,14.3,9.8,,
1983-09,,,,,,,,,,9.4,300.4,,1.99,,,,14.1,10.0,,
1983-10,,,,,,,,,,9.5,286.7,,1.97,,,,14.9,10.0,,
1983-11,,,,,,,,,,9.3,278.7,,1.99,,,,15.4,10.6,,
1983-12,,,,,,,,,,9.5,278.7,,1.99,,,,15.6,11.0,,
1984-01,,,,,,,,,,9.6,282.0,,2.05,,,10074.1,16.0,12.2,,
1984-02,,,,,,,,,,9.6,254.4,,2.06,,,10008.4,15.9,11.7,,
1984-03,,,,,,,,,,9.9,251.2,,2.06,,,10326.5,15.6,11.6,,
1984-04,,,,,,,,,,10.3,245.2,,2.09,,,10921.9,15.6,12.6,,
1984-05,,,,,,,,,,10.3,245.2,,2.19,,,10550.7,15.7,12.3,,
1984-06,,,,,,,,,,11.1,238.5,,2.22,,,10225.1,15.5,12.1,,
1984-07,,,,,,,,,,11.2,232.4,,2.3,,,10156.5,14.9,11.4,,
1984-08,,,,,,,,,,11.6,250.3,,2.37,,,10414.7,15.3,12.1,,
1984-09,,,,,,,,,,11.3,252.0,,2.55,,,10562.0,16.1,12.7,,
1984-10,,,,,,,,,,10.0,247.2,,2.65,,,10853.8,16.6,12.7,,
1984-11,,,,,,,,,,9.4,246.4,,2.68,,,11257.6,16.7,12.7,,
1984-12,,,,,,,,,,8.4,241.9,,2.8,,,11469.4,16.9,12.7,,
1985-01,,,,,102.17337799072266,,,,,8.4,260.8,,2.82,,,11800.2,17.6,13.3,,
1985-02,,,,,117.10202026367188,,,,,8.5,285.5,,2.83,,,12075.5,18.0,14.0,,
1985-03,,,,,124.77815246582033,,,,,8.6,280.8,,2.85,,,12468.4,18.6,14.2,,
1985-04,,,,,87.92900085449219,,,,,8.3,280.9,,2.85,,,12432.4,18.7,14.4,,
1985-05,,,,,103.26284790039062,,,,,8.0,287.5,,2.86,,,12557.1,19.5,15.5,,
1985-06,,,,,148.78282165527344,,,,,7.5,290.4,,2.87,,,12730.4,21.1,14.7,,
1985-07,,,,,133.90542602539062,,,,,7.9,302.0,,2.88,,,12779.8,21.5,14.0,,
1985-08,,,,,82.78410339355469,,,,,7.9,298.2,,2.91,,,12555.5,21.7,14.3,,
1985-09,,,,,102.43449401855467,,,,,7.9,287.9,,2.97,,,12600.8,23.2,13.2,,
1985-10,,,,,105.99191284179688,,,,,8.0,285.4,,3.08,,,12900.4,25.1,13.8,,
1985-11,,,,,94.84818267822266,,,,,8.0,304.4,,3.21,,,12751.8,26.8,15.6,,
1985-12,,,,,96.4211654663086,,,,,8.3,320.2,,3.21,,,12990.0,27.7,16.2,,
1986-01,,121.52,,,135.36074829101562,,,,,8.1,328.5,,3.21,,,12987.5,30.8,17.0,,
1986-02,,115.08,,,98.75003051757812,,,,,7.9,348.8,,3.22,,,13364.2,29.5,18.4,,
1986-03,,117.92,,,98.67667388916016,,,,,7.5,368.2,,3.22,,,14535.2,30.6,21.4,,
1986-04,,111.77,,,148.31385803222656,,,,,7.0,382.5,,3.21,,,15484.7,32.7,24.4,,
1986-05,,117.51,,,117.38924407958984,,,,,6.8,388.5,,3.2,,,16062.3,30.4,21.4,,
1986-06,,111.61,,,96.29425048828124,,,,,6.9,398.6,,3.21,,,17163.9,29.6,21.5,,
1986-07,,108.04,,,94.70178985595705,,,,,6.6,385.9,,3.64,,,17731.3,27.8,22.7,,
1986-08,,106.43,,,103.34593963623048,,,,,6.2,375.6,,3.71,,,18103.9,30.3,24.8,,
1986-09,,106.74,,,117.1078872680664,,,,,5.9,358.3,,3.72,,,18129.2,30.9,23.3,,
1986-10,,109.27,,,96.7924346923828,,,,,5.8,355.0,,3.73,,,16913.1,30.0,23.2,,
1986-11,,105.92,,,109.77281951904295,,,,,6.0,358.1,,3.73,,,17313.3,30.3,23.5,,
1986-12,,103.58,,,89.75377655029297,,,,,6.9,354.9,,3.73,,,18725.4,30.8,25.1,,
1987-01,,99.86,,,96.94281768798828,,,,,6.4,384.2,,3.73,,,19210.9,28.9,25.3,,
1987-02,,99.26,,,100.683349609375,,,,,6.1,411.7,,3.73,,,19942.2,26.1,26.2,,
1987-03,,97.11,,,89.60771942138672,,,,,6.1,432.2,,3.73,,,21413.4,25.8,28.3,,
1987-04,,95.94,,,113.39408111572266,,,,,6.4,422.8,,3.73,,,23245.2,27.0,28.3,,
1987-05,,97.77,,,98.65091705322266,,,,,6.8,416.6,,3.73,,,24310.5,26.4,27.1,,
1987-06,,98.13,,,94.18240356445312,,,,,6.7,423.7,,3.73,,,25253.1,26.9,25.7,,
1987-07,,99.79,,,98.87196350097656,,,,,6.6,429.0,,3.73,,,23929.8,28.6,27.0,,
1987-08,,97.32,,,99.96844482421876,,,,,6.7,448.4,,3.73,,,25314.3,30.0,28.0,,
1987-09,,98.57,,,121.16707611083984,,,,,7.2,442.8,,3.73,,,25275.8,29.2,27.8,,
1987-10,,93.65,,,101.05858612060548,,,,,7.3,385.1,,3.73,,,24819.1,26.7,21.0,,
1987-11,,89.15,,,96.15348815917967,,,,,6.7,318.8,,3.73,,,22598.0,20.3,20.0,,
1987-12,,85.42,,,109.85638427734376,,,,,6.8,314.5,,3.73,,,22741.8,19.6,18.8,,
1988-01,,90.34,,,83.20153045654297,,,,,6.8,339.3,,3.73,,,22788.5,18.8,17.0,,
1988-02,,90.53,,,86.20614624023438,,,,,6.6,353.6,,3.73,,,24312.6,19.7,20.4,,
1988-03,,88.3,,,110.20651245117188,,,,,6.6,375.5,,3.73,,,25724.3,21.1,19.1,,
1988-04,,89.16,,,119.45051574707033,,,,,6.9,377.2,,3.73,,,26828.7,21.0,20.9,,
1988-05,,91.09,,,104.87347412109376,,,,,7.1,371.9,,3.73,,,27431.7,20.3,22.1,,
1988-06,,95.41,,,79.70812225341797,,,,,7.5,386.0,,3.73,,,27889.3,21.5,24.3,,
1988-07,,97.53,,,83.43048095703125,,,,,7.8,391.4,,3.73,,,27677.0,22.4,24.3,,
1988-08,,98.42,,,84.05416107177734,,,,,8.0,379.6,,3.73,,,27963.5,22.3,23.5,,
1988-09,,97.69,,,74.84265899658203,,,,,8.2,382.2,,3.73,,,27581.3,23.1,26.0,,
1988-10,,93.76,,,73.45023345947266,,,,,8.3,385.0,,3.73,,,27430.4,24.2,26.9,,
1988-11,,90.53,,,68.79841613769531,,,,,8.4,372.9,,3.73,,,28729.8,24.1,26.9,,
1988-12,,92.5,,,90.39871978759766,,,,,8.8,375.8,,3.73,,,29739.7,24.5,28.9,,
1989-01,,96.77,,,89.24658966064453,,,,,9.1,389.3,,3.73,,,31144.0,25.5,31.5,,
1989-02,,94.9,,,91.6185531616211,,,,,9.4,404.1,,3.73,,,32005.1,25.5,30.6,,
1989-03,,98.14,,,87.73377227783203,,,,,9.8,404.0,,3.73,,,31955.5,25.3,31.8,,
1989-04,,97.71,,,83.57909393310547,,,,,9.8,417.1,,3.73,,,33226.2,26.1,32.8,,
1989-05,,102.98,,,103.82850646972656,,,,,9.8,436.0,,3.73,,,33989.3,26.1,34.1,,
1989-06,,102.02,,,89.46155548095703,,,,,9.5,447.6,,3.73,,,33373.6,27.6,33.8,,
1989-07,,97.39,,,84.75310516357422,,,,,9.2,446.7,,3.73,,,33843.3,28.8,35.0,,
1989-08,,102.28,,,109.1772918701172,,,,,9.0,461.8,,3.73,,,34808.4,30.2,35.6,,
1989-09,,98.47,,,85.54584503173828,,,,,9.0,469.3,,3.73,,,34649.1,31.2,36.7,,
1989-10,,98.07,,,69.52467346191406,,,,,8.8,469.7,,3.73,,,35323.4,30.3,32.8,,
1989-11,,96.27,,,92.8287124633789,,,,,8.6,454.7,,3.73,,,36038.6,29.4,33.5,,
1989-12,,93.21,,,112.55352783203124,,,,,8.4,449.0,,4.18,,,38115.3,31.8,35.9,,
1990-01,,92.41,,,81.5440444946289,,,,,8.2,439.4,,4.73,,,37404.8,34.1,33.5,44.7,
1990-02,,93.29,,,77.40721130371094,,,,,8.2,424.5,,4.73,,,36517.8,34.8,32.5,43.1,
1990-03,,93.69,,,67.5919418334961,,,,,8.3,436.1,,4.73,,,32305.8,35.6,34.6,42.0,
1990-04,,93.07,,,81.64384460449219,,,,,8.3,429.0,,4.73,,,29237.1,36.1,36.5,39.1,
1990-05,,92.98,,,86.40711975097656,,,,,8.2,442.6,,4.73,,,31826.8,35.5,37.2,38.4,
1990-06,,91.19,,,79.68110656738281,,,,,8.3,462.3,,4.73,,,32364.8,35.4,36.2,38.1,
1990-07,,87.27,,,85.78742980957031,,,,,8.2,455.8,,4.73,,,32170.5,37.2,35.4,34.7,
1990-08,,86.57,,,250.4510803222656,,,,,8.1,396.3,,4.73,,,26908.8,33.2,30.6,31.7,
1990-09,,85.94,,,188.66053771972656,,,,,8.2,368.6,,4.73,,,23935.7,29.8,27.0,29.9,
1990-10,,83.29,,,143.85256958007812,,,,,8.1,338.0,,4.73,,,23816.8,28.7,28.7,33.9,
1990-11,,82.92,,,158.74354553222656,,,,,7.8,347.7,,4.97,,,23468.1,28.7,27.7,34.6,
1990-12,,83.12,,,153.1624298095703,,,,,7.3,370.2,,5.24,,,23740.5,28.9,26.9,35.4,117.0
1991-01,,82.02,,,379.2497863769531,,,,,6.9,376.7,,5.24,,,23321.2,27.2,26.7,32.2,132.6
1991-02,,84.11,,,339.3580322265625,,,,,6.2,442.6,,5.24,,,25219.2,29.1,28.8,32.6,131.9
1991-03,,91.99,,,148.61831665039062,,,,,6.1,469.1,,5.24,,,26458.2,30.0,31.1,33.3,126.0
1991-04,,91.58,,,97.760009765625,,,,,5.9,496.3,,5.28,,,26469.6,30.7,31.4,31.7,118.4
1991-05,,93.13,,,88.56902313232422,,,,,5.8,490.9,,5.33,,,25848.8,31.3,31.4,31.3,109.9
1991-06,,96.01,,,87.73383331298828,,,,,5.9,490.4,,5.37,,,24534.0,32.1,31.2,30.1,126.2
1991-07,,93.49,,,115.18467712402344,,,,,5.8,489.4,,5.37,,,23226.7,30.8,30.1,32.1,137.2
1991-08,,93.5,,,113.49502563476562,,,,,5.7,513.3,,5.37,,,22730.0,30.3,30.6,35.3,161.3
1991-09,,89.94,,,117.94219207763672,,,,,5.4,520.6,,5.39,,,23039.0,30.4,31.8,34.0,185.4
1991-10,,89.93,,,100.8318099975586,,,,,5.2,528.9,,5.39,,,24631.8,29.2,31.5,35.1,200.6
1991-11,,88.19,,,100.7423324584961,,,,,4.8,536.6,,5.4,,,23795.8,29.4,31.0,33.2,239.8
1991-12,,83.53,,,103.96953582763672,,,,,4.4,544.1,,5.42,,,22304.1,28.3,29.3,31.1,278.1
1992-01,,87.41,,,102.95763397216795,,,,,4.0,615.7,,5.46,,,21857.0,29.5,31.5,31.8,305.5
1992-02,,89.01,,,87.2034683227539,,,,,4.1,632.0,,5.48,,,21412.6,30.6,32.5,32.4,337.0
1992-03,,89.66,,,85.29731750488281,,,,,4.0,619.6,,5.49,,,20350.7,31.0,33.3,30.6,375.7
1992-04,,89.54,,,85.85562133789062,,,,,3.7,582.8,,5.51,,,17593.1,31.1,33.7,29.3,403.3
1992-05,,87.31,,,78.96814727783203,,,,,3.8,581.5,,5.52,,,18323.5,31.3,34.6,29.3,778.0
1992-06,,83.71,,,93.84909057617188,,,,,3.8,566.7,,5.49,,,16948.1,31.1,33.1,28.1,1153.0
1992-07,,81.9,,,75.19676971435547,,,,,3.2,568.7,,5.46,,,16278.1,29.5,30.9,26.0,1128.9
1992-08,,78.81,,,81.64519500732422,,,,,3.3,569.0,,5.44,,,15790.1,26.8,29.7,24.7,914.9
1992-09,,81.08,,,74.6097183227539,,,,,3.2,580.7,,5.5,,,18202.8,26.3,30.1,26.7,731.9
1992-10,,87.65,,,68.18277740478516,,,,,3.1,585.0,,5.55,,,17174.5,25.2,28.6,27.1,601.3
1992-11,,90.75,,,91.00899505615234,,,,,3.1,630.9,,5.61,,,16819.6,25.9,29.4,32.1,464.9
1992-12,,92.36,,,83.42096710205078,,,,,2.9,661.3,,5.81,,,17382.1,25.7,29.8,32.3,734.4
1993-01,,92.45,,,128.91807556152344,,,,,3.0,691.1,,5.78,,,16658.8,26.3,30.5,34.6,1010.1
1993-02,,93.95,,,90.4680633544922,,,,,3.0,681.7,,5.79,,,17036.3,27.8,32.0,33.3,1408.7
1993-03,,91.93,,,94.24144744873048,,,,,3.1,684.5,,5.75,,,18038.6,28.7,33.9,32.1,1119.2
1993-04,,89.49,,,112.72166442871094,,,,,3.0,665.3,,5.72,,,19991.6,28.4,33.9,35.5,1215.9
1993-05,,88.94,,,110.72975158691406,,,,,3.0,686.5,,5.74,,,20631.5,27.8,32.7,35.8,1122.4
1993-06,,93.65,,,104.19525146484376,,,,,3.0,695.4,,5.75,,,20111.4,28.4,33.3,37.8,1014.0
1993-07,,95.49,,,123.31478881835938,,,,,3.1,703.4,,5.78,,,19980.7,30.0,34.3,37.4,858.7
1993-08,,93.96,,,97.2416763305664,,,,,3.0,725.1,,5.79,,,20623.3,31.6,37.2,35.2,903.6
1993-09,,92.78,,,89.16477966308594,,,,,3.1,745.9,,5.8,,,20614.6,31.6,37.1,34.4,892.9
1993-10,,95.17,,,106.16590881347656,,,,,3.0,771.3,,5.8,,,20128.0,33.4,37.8,36.4,844.7
1993-11,,96.19,,,83.48017883300781,,,,,3.0,764.0,,5.81,,,17965.4,34.2,37.6,39.7,888.2
1993-12,,96.79,,,79.55179595947266,,,,,3.0,762.9,,5.82,,,17263.2,35.7,39.2,42.2,905.2
1994-01,,95.52,,,83.48997497558594,,,,,3.0,787.8,,8.72,,,18661.1,35.8,41.1,44.3,841.1
1994-02,,94.58,,,117.2420654296875,,,,,3.2,787.8,,8.72,,,19698.0,35.2,41.2,46.4,771.4
1994-03,,93.38,,,93.47403717041016,,,,,3.3,785.9,,8.72,,,20021.7,35.2,39.6,44.2,733.8
1994-04,,92.15,,,95.35697174072266,,,,,3.6,732.3,,8.73,,,19807.6,36.2,38.6,44.0,626.3
1994-05,,92.47,,,104.46678924560548,,,,,4.0,727.8,,8.69,,,20303.2,36.5,38.3,46.9,586.3
1994-06,,89.57,,,120.35224151611328,,,,,4.2,723.2,,8.68,,,21014.8,34.2,35.5,46.1,508.0
1994-07,,89.77,,,99.6402359008789,,,,,4.3,713.5,,8.66,,,20548.8,34.3,35.7,47.0,405.9
1994-08,,89.71,,,98.2270278930664,,,,,4.5,738.9,,8.61,,,20603.5,35.3,36.8,46.7,670.8
1994-09,,87.9,,,98.8984832763672,,,,,4.7,763.9,,8.56,,,19934.2,34.6,35.2,49.8,919.6
1994-10,,85.59,,,94.85363006591795,,,,,4.8,762.5,,8.55,,,19851.6,33.3,33.8,54.0,689.3
1994-11,,89.04,,,86.5298080444336,,,,,5.3,760.4,,8.54,,,19277.3,33.7,34.5,55.2,695.7
1994-12,,88.73,,,96.04750061035156,,,,,5.4,735.0,,8.5,,,19299.5,33.5,34.3,51.7,657.7
1995-01,,87.95,,,80.15467834472656,,,,,5.5,758.0,,8.46,,,18948.4,33.3,32.8,48.0,595.6
1995-02,,85.86,,,76.87532806396484,,,,,5.9,784.2,,8.46,,,18065.0,33.8,32.6,46.2,549.1
1995-03,,81.77,,,82.24444580078125,,,,,6.0,807.2,,8.45,,,16447.6,32.3,32.0,46.9,602.7
1995-04,,81.74,,,99.19087982177734,,,,,6.0,825.3,,8.44,,,16322.1,32.0,33.5,44.9,634.5
1995-05,,82.71,,,87.842529296875,,,,,6.0,859.8,,8.34,,,16265.9,33.2,34.9,44.0,657.8
1995-06,,81.5,,,104.60775756835938,,,,,6.0,906.0,,8.32,,,15039.4,34.0,34.2,44.0,670.6
1995-07,,81.67,,,107.64541625976562,,,,,5.8,979.4,,8.32,,,16188.7,34.7,34.2,47.0,672.7
1995-08,,85.58,,,106.93478393554688,,,,,5.7,1009.6,,8.33,,,17410.7,35.5,34.3,45.6,732.0
1995-09,,84.18,,,71.20516967773438,,,,,5.8,1051.0,,8.34,,,18097.2,35.6,33.2,48.3,740.8
1995-10,,83.69,,,67.74150085449219,,,,,5.8,1022.1,,8.34,,,17951.7,34.2,32.0,49.7,717.3
1995-11,,85.17,,,76.33349609375,,,,,5.8,1046.6,,8.33,,,18109.4,34.1,33.0,47.6,687.0
1995-12,,84.82,,,65.67205810546875,,,,,5.6,1047.0,,8.34,,,19418.0,35.0,32.7,45.7,604.6
1996-01,,87.28,,,75.63492584228516,,,,,5.6,1024.9,,8.34,,,20497.2,36.4,34.5,43.1,536.2
1996-02,,86.26,,,80.4209213256836,,,,,5.2,1094.0,,8.33,,,20628.7,37.1,35.7,43.5,530.0
1996-03,,86.47,,,82.14761352539062,,,,,5.3,1092.6,,8.35,,,20424.3,37.3,36.5,42.6,568.1
1996-04,,88.05,,,84.82862091064453,,,,,5.2,1135.6,,8.35,,,21828.7,37.6,38.2,45.8,609.5
1996-05,,87.74,,,65.53082275390625,,,,,5.2,1220.5,,8.35,,,21770.7,37.5,38.8,46.9,661.7
1996-06,,87.9,,,69.08858489990234,,,,,5.3,1205.1,,8.34,,,22185.5,38.2,38.8,43.1,757.8
1996-07,,85.95,,,80.64431762695312,,,,,5.4,1105.6,,8.34,,,21558.5,37.9,37.4,41.4,820.9
1996-08,,86.42,,,81.6876449584961,,,,,5.2,1134.2,,8.34,,,20870.3,38.2,36.8,40.0,837.5
1996-09,,87.89,,,88.19697570800781,,,,,5.3,1186.4,,8.33,,,20823.6,38.7,37.5,39.0,802.7
1996-10,,87.42,,,55.58683013916016,,,,,5.2,1234.0,,8.33,,,21118.9,39.9,38.9,40.1,943.4
1996-11,,87.95,,,57.34461212158203,,,,,5.3,1259.8,,8.33,,,21040.8,40.5,40.4,36.8,960.3
1996-12,,88.22,,,74.98263549804688,,,,,5.3,1292.2,,8.33,,,20178.7,41.5,41.1,34.3,1040.4
1997-01,,92.97,,,54.06243515014648,,,,,5.2,1345.4,,8.33,,,18050.4,43.1,43.6,33.3,927.8
1997-02,,94.95,,,50.559940338134766,,,,,5.2,1349.2,,8.32,,,18575.6,46.1,46.7,34.7,994.7
1997-03,,94.75,,,58.48006057739258,,,,,5.4,1282.9,,8.33,,,18244.1,48.5,47.6,32.7,1140.3
1997-04,,97.24,,,62.844486236572266,,,,,5.5,1225.0,,8.33,,,18178.0,48.4,46.6,34.5,1316.3
1997-05,,94.89,,,53.57601547241211,,,,,5.5,1352.6,,8.32,,,20045.9,51.2,48.1,35.5,1365.0
1997-06,,95.65,,,39.04562377929688,,,,,5.6,1422.5,,8.32,,,20505.5,53.2,48.6,38.0,1277.4
1997-07,,99.57,,,47.69842529296875,,,,,5.5,1531.1,,8.32,,,20148.1,58.0,52.0,37.4,1168.4
1997-08,,98.96,,,48.582298278808594,,,,,5.5,1596.7,,8.32,,,19090.7,58.6,51.8,36.8,1175.7
1997-09,,97.11,,,42.6890869140625,,,,,5.5,1660.1,,8.32,,,18248.4,56.5,51.5,33.6,1179.5
1997-10,,95.59,,,49.74630737304688,,,,,5.5,1682.3,,8.31,,,17274.8,57.0,51.2,29.0,1157.1
1997-11,,97.74,,,59.6933708190918,,,,,5.5,1601.0,,8.31,,,16103.4,53.6,48.6,24.6,1170.5
1997-12,,99.7,,,43.998268127441406,,,,,5.5,1567.0,,8.31,,,15917.1,56.9,50.6,19.4,1159.4
1998-01,,100.74,,,53.0963020324707,,,,,5.6,1570.2,,8.31,,,15929.7,58.6,52.6,23.6,1216.4
1998-02,,99.84,,,77.59761810302734,,,,,5.5,1714.9,,8.31,,,16797.7,62.5,56.5,26.1,1227.7
1998-03,,101.51,,,57.24806213378906,,,,,5.5,1781.3,,8.31,,,16840.3,66.7,62.8,26.0,1200.2
1998-04,,99.73,,,50.99658203125,,,,,5.4,1852.3,,8.31,,,15941.3,71.2,66.9,22.1,1309.8
1998-05,,100.49,,,94.4734878540039,,,,,5.5,1836.4,,8.31,,,15514.3,72.5,69.7,17.7,1368.3
1998-06,,101.08,,,76.30907440185547,,,,,5.6,1795.7,,8.31,,,15231.3,75.5,71.7,15.6,1383.2
1998-07,,101.14,,,54.04841613769531,,,,,5.5,1941.6,,8.31,,,16370.2,78.6,73.4,16.3,1324.5
1998-08,,99.47,,,97.02085876464844,,,,,5.6,1784.8,,8.31,,,15244.0,71.3,68.2,15.6,1191.0
1998-09,,96.07,,,62.51344299316406,,,,,5.5,1663.4,,8.31,,,14140.7,63.5,61.0,15.5,1205.5
1998-10,,93.67,,,54.40364837646485,,,,,5.1,1615.7,,8.28,,,13486.9,58.3,56.9,17.8,1229.3
1998-11,,96.13,,,67.96592712402344,,,,,4.8,1888.7,,8.28,,,14525.9,64.2,63.5,21.3,1267.3
1998-12,,94.1,,,75.95989227294922,,,,,4.7,2071.0,,8.28,,,14295.8,63.8,64.3,26.1,1188.8
1999-01,,96.06,,,63.98722457885742,,,,,4.6,2357.8,,8.28,,,13831.7,67.8,70.0,29.7,1147.2
1999-02,,98.68,,,58.316383361816406,,,,,4.8,2357.0,,8.28,,,14180.2,66.3,69.9,26.5,1100.7
1999-03,,99.98,,,83.39727783203125,,,,,4.8,2391.1,,8.28,,,15418.0,65.0,70.4,29.1,1149.6
1999-04,,101.03,,,106.19801330566406,,,,,4.7,2537.9,,8.28,,,16677.6,67.8,73.5,35.9,1160.6
1999-05,,102.34,,,85.44113159179688,,,,,4.7,2512.6,,8.28,,,16505.2,68.2,74.9,37.1,1147.0
1999-06,,102.76,,,79.4105453491211,,,,,4.8,2521.0,,8.28,,,17136.0,68.6,76.6,41.8,1466.3
1999-07,,99.77,,,62.14287185668945,,,,,5.0,2741.3,,8.28,,,17983.7,71.3,78.5,48.3,1568.4
1999-08,,100.08,,,62.858642578125,,,,,5.1,2642.4,,8.28,,,17670.3,68.2,77.1,46.4,1617.1
1999-09,,98.47,,,69.58151245117188,,,,,5.2,2807.9,,8.28,,,17530.9,69.0,80.6,46.1,1617.2
1999-10,,99.13,,,72.35348510742188,,,,,5.2,2815.3,,8.28,,,17679.6,68.9,80.9,41.2,1504.7
1999-11,,102.01,,,57.9638671875,,,,,5.4,3230.5,,8.28,,,18443.7,74.1,88.1,47.2,1459.4
1999-12,,101.86,,,86.0849380493164,,,,,5.3,3739.9,,8.28,,,18405.1,80.3,96.3,49.0,1405.5
2000-01,,104.97,,,64.45780944824219,,,,,5.4,4013.5,,8.28,,,18941.6,86.2,98.2,47.5,1463.3
2000-02,,106.19,,,63.54172134399414,,,,,5.7,4410.9,,8.28,,,19685.5,95.0,105.4,45.0,1661.3
2000-03,,105.48,,,50.10198593139648,,,,,5.8,4803.0,,8.28,,,19834.7,99.8,109.7,43.6,1722.8
2000-04,,109.93,,,48.6827392578125,,,,,6.0,3863.6,,8.28,,,19517.7,92.6,105.9,39.0,1817.7
2000-05,,108.65,,,79.48287963867188,,,,,6.3,3528.4,,8.28,,,17040.0,90.5,107.9,36.0,1804.2
2000-06,,107.0,,,64.71781921386719,,,,,6.5,3865.5,,8.28,,,16969.3,90.4,110.9,39.5,1924.5
2000-07,,109.59,,,51.90402221679688,,,,,6.5,4017.7,,8.28,,,16959.9,89.3,110.7,39.6,1971.7
2000-08,,112.53,,,46.49225616455078,,,,,6.5,3909.6,,8.28,,,16329.9,89.0,112.0,35.8,2066.2
2000-09,,113.03,,,52.68999862670898,,,,,6.5,3875.8,,8.28,,,16168.3,87.2,112.0,31.2,1940.8
2000-10,,116.67,,,76.45652770996094,,,,,6.5,3333.8,,8.28,,,15311.7,82.6,105.3,27.3,1940.8
2000-11,,115.21,,,45.06056213378906,,,,,6.5,3055.4,,8.28,,,14760.9,81.8,105.5,27.1,2054.7
2000-12,,109.31,,,45.39509963989258,,,,,6.4,2657.8,,8.28,,,14409.7,76.9,100.8,26.0,2065.8
2001-01,,110.26,,,46.89955520629883,,,,,6.0,2656.9,,8.28,,,13720.9,77.2,99.8,29.2,2088.9
2001-02,,112.15,,,55.08771133422852,,,,,5.5,2449.6,,8.28,,,13266.3,76.5,97.4,29.5,1955.3
2001-03,,117.64,,,61.70895385742188,,,,,5.3,1986.7,,8.28,,,12708.5,70.6,90.2,27.1,2036.8
2001-04,,115.75,,,50.5687370300293,,,,,4.8,1933.9,,8.28,,,13411.8,70.5,91.9,26.3,2135.0
2001-05,,119.11,,,60.376861572265625,,,,,4.2,2181.1,,8.28,,,13975.5,72.6,95.9,29.8,2185.5
2001-06,,119.47,,,72.06433868408203,,,,,4.0,2112.1,,8.28,,,12974.9,71.0,91.2,30.0,2214.0
2001-07,,117.1,,,61.072940826416016,,,,,3.8,2034.0,,8.28,,,12151.1,68.4,86.3,27.5,2138.4
2001-08,,113.23,,,64.10773468017578,,,,,3.6,1929.7,,8.28,,,11576.2,64.6,84.9,28.2,1909.0
2001-09,,113.41,,,498.64788818359375,,,,,3.1,1573.3,,8.28,,,9996.8,53.5,71.2,25.1,1818.4
2001-10,,114.88,,,512.5297241210938,,,,,2.5,1656.4,,8.28,,,10438.9,55.6,73.3,25.7,1666.5
2001-11,,115.54,,,306.785888671875,,,,,2.1,1870.1,,8.28,,,10511.2,59.6,78.0,30.1,1675.0
2001-12,,117.14,,,236.0997467041016,,,,,1.8,1977.7,,8.28,,,10496.2,60.7,78.7,33.1,1685.3
2002-01,,120.28,,,172.47720336914062,,,,,1.7,1976.8,,8.28,,,10300.8,62.1,79.0,36.6,1472.2
2002-02,,119.11,,,146.1857147216797,,,,,1.7,1799.7,,8.28,,,9981.7,59.9,76.4,38.2,1514.8
2002-03,,118.66,,,151.9763641357422,,,,,1.7,1863.0,,8.28,,,11448.8,63.7,81.2,42.9,1628.1
2002-04,,115.22,,,157.49655151367188,,,,,1.8,1758.8,,8.28,,,11384.5,62.6,80.5,44.5,1636.7
2002-05,,111.71,,,163.3223114013672,,,,,1.8,1660.3,,8.28,,,11709.6,59.9,78.1,41.9,1577.2
2002-06,,106.15,,,149.33042907714844,,,,,1.8,1505.5,,8.28,,,10965.9,54.3,70.8,39.2,1562.8
2002-07,,107.41,,,122.7783432006836,,,,,1.7,1346.1,,8.28,,,10352.3,49.3,62.8,37.5,1695.7
2002-08,,106.98,,,127.06451416015624,,,,,1.7,1327.4,,8.28,,,9751.2,45.6,61.0,35.5,1660.6
2002-09,,106.87,,,174.90333557128906,,,,,1.8,1251.1,,8.28,,,9354.0,40.3,55.7,35.0,1619.6
2002-10,,106.64,,,172.03192138671875,,,,,1.8,1241.9,,8.28,,,8792.5,37.2,53.5,31.9,1527.2
2002-11,,106.38,,,159.12759399414062,,,,,1.3,1409.2,,8.28,,,8700.3,40.2,57.5,33.8,1464.8
2002-12,,101.85,,,175.8117218017578,,,,,1.2,1387.2,,8.28,,,8692.9,38.6,56.4,34.6,1401.2
2003-01,,99.91,,2.3,206.43460083007807,,,,,1.2,1390.4,,8.28,,,8570.7,36.7,54.8,31.3,1428.2
2003-02,,99.71,,2.0,239.6109313964844,,,,,1.3,1312.1,,8.28,,,8538.5,33.1,50.7,29.4,1501.5
2003-03,,99.06,,1.9,358.711181640625,,,,,1.2,1349.5,,8.28,,,8169.7,31.6,48.5,27.4,1482.8
2003-04,,97.19,,2.2,255.77517700195312,,,,,1.3,1411.2,,8.28,,,7909.4,35.2,51.7,29.1,1549.8
2003-05,,93.27,,1.9,162.1218719482422,,,,,1.3,1525.4,,8.28,,,8132.4,36.4,53.6,30.4,1547.7
2003-06,,94.73,,1.7,145.7697296142578,,,,,1.2,1630.2,,8.28,,,8895.7,39.2,56.3,32.9,1539.8
2003-07,,96.89,,2.1,134.89891052246094,,,,,1.0,1716.0,,8.28,,,9676.3,41.0,56.9,35.0,1502.8
2003-08,,98.1,,2.3,138.23092651367188,,,,,1.0,1726.6,,8.28,,,9884.6,42.5,59.0,36.4,1455.4
2003-09,,92.85,,2.2,118.19628143310548,,,,,1.0,1856.0,,8.28,,,10649.9,43.4,60.8,37.1,1406.2
2003-10,,92.73,,2.1,108.3173828125,,,,,1.0,1905.9,,8.28,,,10717.1,43.4,60.8,37.5,1374.2
2003-11,,90.21,,2.0,118.0866928100586,,,,,1.0,1937.9,,8.28,,,10205.3,46.0,62.6,39.2,1360.8
2003-12,,86.92,,2.0,129.46507263183594,,,,,1.0,1953.9,,8.28,,,10296.0,47.7,63.9,39.8,1471.4
2004-01,,87.2,,1.9,113.46759033203124,,,,,1.0,2096.2,,8.28,,,10892.8,50.1,66.4,42.1,1589.9
2004-02,,87.31,,1.8,115.0759735107422,,,,,1.0,2048.3,,8.28,,,10631.9,50.2,67.6,43.1,1681.2
2004-03,,87.61,,1.5,138.53207397460938,,,,,1.0,1979.6,,8.28,,,11441.1,48.6,67.4,43.6,1708.4
2004-04,,90.48,,1.9,149.6313934326172,,,,,1.0,2018.9,,8.28,,,11960.8,49.9,68.8,45.1,1689.6
2004-05,,88.95,,2.1,121.0911865234375,,,,,1.0,1930.2,,8.28,,,11037.5,47.5,66.5,39.8,1556.8
2004-06,,88.8,,2.1,137.23391723632812,,,,,1.0,2002.1,,8.28,4.26,,11527.7,48.7,67.9,38.4,1465.9
2004-07,,89.96,,2.0,131.0198516845703,,,,,1.3,1912.7,,8.28,3.88,,11388.6,47.5,66.8,37.1,1422.1
2004-08,,88.94,,1.9,140.36582946777344,,,,,1.4,1821.9,,8.28,3.74,,10989.3,45.9,65.6,38.3,1360.1
2004-09,,87.36,,1.8,153.87161254882812,,,,,1.6,1884.7,,8.28,3.74,,11079.4,47.6,67.5,41.5,1368.9
2004-10,,84.91,,1.7,119.86279296875,,,,,1.8,1938.3,,8.28,4.38,,11012.9,48.3,68.1,42.2,1347.2
2004-11,,81.82,,1.7,122.70738983154295,,,,,1.9,2062.9,,8.28,4.9,,10973.0,50.0,69.7,42.9,1343.6
2004-12,,80.85,,1.7,109.89522552490234,,,,,2.2,2149.5,,8.28,5.39,,11061.3,51.3,70.2,43.5,1303.4
2005-01,,83.6,,1.7,100.88758850097656,,,,,2.3,2071.9,,8.28,4.63,,11394.8,51.8,71.7,44.9,1236.5
2005-02,,82.51,,1.6,108.97796630859376,,,,,2.5,2065.7,,8.28,5.0,,11545.3,53.0,74.4,47.8,1276.8
2005-03,,84.06,,1.8,90.41048431396484,,,,,2.6,2030.4,,8.28,5.35,,11809.4,53.2,75.6,49.2,1250.8
2005-04,,84.43,,1.7,87.03240203857422,,,,,2.8,1957.5,,8.28,5.38,,11395.6,52.4,75.0,47.6,1199.6
2005-05,,87.76,,1.7,98.20596313476562,,,,,3.0,2005.2,,8.28,5.5,,11082.4,52.0,75.3,46.7,1091.3
2005-06,,89.11,,1.7,81.12405395507812,,,,,3.0,2074.1,,8.28,6.04,,11402.7,54.8,78.2,49.3,1084.9
2005-07,,89.35,,1.9,165.90191650390625,,,,,3.3,2145.1,,8.23,6.1,,11716.9,56.9,81.4,52.6,1042.2
2005-08,,87.58,,1.9,116.2276611328125,,,,,3.5,2158.0,,8.1,6.85,,12205.0,58.8,83.1,54.8,1151.3
2005-09,,89.52,,1.7,103.8076629638672,,,,,3.6,2144.7,,8.09,8.44,,12979.4,59.7,84.4,58.2,1183.1
2005-10,,90.07,,1.9,87.06182861328125,,,,,3.8,2087.2,,8.09,8.5,,13392.8,59.6,83.9,59.3,1129.1
2005-11,,91.57,,2.1,83.48009490966797,,,,,4.0,2202.9,,8.08,8.37,,14368.1,61.1,85.0,62.3,1101.4
2005-12,,91.17,,2.1,95.35025024414062,,,,,4.2,2246.1,,8.08,8.33,,15650.8,64.0,88.4,66.7,1125.5
2006-01,,88.96,,2.0,94.51001739501952,,,,,4.3,2290.0,,8.07,9.67,,16085.5,66.1,91.3,68.6,1225.0
2006-02,,90.11,,2.0,95.85819244384766,,,,,4.5,2273.7,,8.05,10.36,,16187.6,69.6,94.0,66.7,1284.5
2006-03,,89.73,,2.2,92.79762268066406,,,,,4.6,2300.3,,8.04,11.09,,16311.5,71.1,96.8,66.3,1281.7
2006-04,,86.11,,2.4,89.01580047607422,,,,,4.8,2338.7,,8.01,14.48,,17233.0,72.8,98.5,70.4,1374.6
2006-05,,84.72,,2.4,85.20877838134766,,,,,4.9,2245.3,,8.01,15.64,,16322.2,70.2,96.3,69.1,1605.5
2006-06,,85.22,,2.5,102.57276916503906,,,,,5.0,2137.4,,8.0,16.09,,14990.3,65.2,90.7,62.2,1610.2
2006-07,,85.3,,2.5,137.13482666015625,,627.5,11.2,,5.2,2086.2,,7.99,15.1,,15147.6,66.3,92.9,63.5,1687.2
2006-08,,85.05,,2.3,147.08111572265625,,630.6,12.3,,5.2,2117.8,,7.97,16.69,,15786.8,68.2,95.7,65.4,1607.1
2006-09,,85.97,,2.3,111.72425842285156,,598.6,11.6,,5.2,2221.9,,7.93,18.2,,15934.1,69.9,97.5,67.4,1702.2
2006-10,,85.32,,2.4,113.1352996826172,,587.6,11.6,,5.2,2330.2,,7.9,18.12,,16519.4,73.1,101.1,67.4,1792.1
2006-11,,82.92,,2.3,88.77892303466797,,628.7,13.0,,5.2,2408.7,,7.86,21.36,,16101.1,75.4,103.1,69.8,1956.0
2006-12,,83.72,,2.3,90.60655975341795,,628.5,13.2,,5.2,2431.9,,7.82,23.44,,16790.2,77.1,104.0,70.6,2306.7
2007-01,,84.61,,2.4,97.9200439453125,,631.3,12.9,,5.2,2453.2,,7.79,29.22,,17286.3,79.7,106.9,68.7,2819.0
2007-02,,83.57,,2.4,96.16935729980467,,665.2,13.9,,5.3,2479.9,,7.75,28.97,,17741.2,82.6,109.1,71.4,2810.7
2007-03,,82.93,,2.2,87.33650207519531,,654.5,13.1,,5.3,2401.5,,7.74,27.19,,17128.4,80.5,105.7,71.2,2990.5
2007-04,,81.44,,2.3,76.6133804321289,,679.8,13.7,,5.2,2499.6,,7.72,25.52,,17469.8,86.4,112.1,75.4,3537.1
2007-05,,82.3,,2.4,92.5995864868164,,667.6,13.2,,5.2,2562.1,,7.68,31.0,,17595.1,89.1,115.8,80.2,4083.4
2007-06,,81.92,,2.7,97.9723129272461,,655.4,13.1,,5.2,2595.4,,7.63,32.16,,18001.4,91.6,115.1,87.2,4012.6
2007-07,,80.77,,2.6,112.34625244140624,,665.6,12.9,,5.3,2655.1,,7.58,35.15,,17974.8,92.0,114.2,95.1,4016.0
2007-08,,80.79,,2.4,83.17320251464844,,665.9,12.3,,5.0,2539.5,,7.57,35.12,,16461.0,86.6,105.9,90.3,4848.7
2007-09,,77.72,,2.3,94.4888687133789,,713.6,12.9,,4.9,2634.5,,7.52,42.89,,16235.4,88.5,106.8,93.7,5360.1
2007-10,,76.52,,2.2,101.47301483154295,,756.9,13.7,,4.8,2780.4,,7.5,55.8,,16903.4,92.3,110.7,99.7,5824.1
2007-11,,76.14,,1.8,89.79544830322266,,806.2,14.7,,4.5,2662.8,,7.42,54.9,,15543.8,89.1,105.9,95.7,5265.6
2007-12,,76.69,,1.8,94.96749114990234,,807.1,14.4,,4.2,2661.5,,7.37,55.74,,15544.6,91.2,106.5,94.6,5069.6
2008-01,,75.21,4.3,1.5,81.49982452392578,,888.4,16.0,,3.9,2418.1,,7.24,52.0,,13731.3,83.7,97.5,86.5,5045.9
2008-02,,73.71,4.0,1.4,80.75146484375,,925.6,17.7,,3.0,2325.8,,7.16,48.41,,13547.8,79.2,92.0,84.1,4452.7
2008-03,,71.8,4.0,1.1,77.63613891601562,,960.9,19.1,,2.6,2254.8,,7.07,45.46,,12602.9,74.7,88.0,82.1,3915.3
2008-04,,72.5,3.9,1.4,71.9048080444336,,910.5,17.5,,2.3,2368.1,,7.0,49.03,,13357.7,77.7,93.0,88.3,3397.3
2008-05,,72.87,4.2,1.5,72.57379913330078,,890.8,17.1,,2.0,2483.2,,6.97,62.91,,13995.3,80.0,95.6,91.7,3551.7
2008-06,,72.46,5.0,1.6,87.54842376708984,,890.6,17.0,,2.0,2427.5,,6.9,64.54,,14084.6,75.9,89.0,87.6,2995.7
2008-07,,73.22,5.6,1.6,89.73957061767578,,940.1,18.1,,2.0,2278.1,,6.84,63.49,,13168.9,70.9,81.3,78.0,2802.2
2008-08,,77.38,5.4,1.7,88.55410766601562,,836.8,14.5,,2.0,2389.3,,6.85,65.99,,12989.4,71.6,83.7,76.5,2496.5
2008-09,,79.44,4.9,1.8,88.54255676269531,,828.7,12.3,,1.8,2205.7,,6.83,60.02,,12123.5,68.1,80.2,72.0,2164.1
2008-10,,85.63,3.7,2.8,64.15979766845703,,805.0,10.4,,1.0,1730.3,,6.84,49.37,,9117.0,53.9,65.5,60.2,1933.8
2008-11,,86.51,1.1,2.9,79.08097076416016,,760.5,9.9,,0.4,1542.7,,6.83,47.1,,8531.4,50.3,61.8,53.4,1876.0
2008-12,,81.15,0.1,2.2,92.3664321899414,,826.0,10.4,,0.2,1525.9,,6.85,47.97,,8456.8,49.0,59.9,55.5,1950.9
2009-01,,85.83,0.0,1.9,85.36947631835938,,862.7,11.4,,0.2,1537.2,,6.84,46.46,,8331.5,48.4,58.7,57.1,1936.9
2009-02,,88.11,0.2,1.8,67.45267486572266,,941.8,13.4,,0.2,1486.0,,6.84,46.32,,7694.8,45.3,55.1,56.7,2205.2
2009-03,,85.55,-0.4,1.7,72.64462280273438,,926.9,13.2,,0.2,1432.2,,6.84,51.51,,7764.6,42.1,51.6,56.7,2228.2
2009-04,,84.73,-0.7,1.6,85.6884994506836,,890.8,12.5,,0.2,1641.1,,6.83,63.4,,8768.0,47.9,57.1,65.7,2461.8
2009-05,,79.23,-1.3,1.7,89.68086242675781,,930.4,14.1,,0.2,1726.1,,6.82,76.99,,9304.4,50.5,61.6,69.6,2617.2
2009-06,,80.12,-1.4,1.9,81.10958862304688,,945.6,14.6,,0.2,1827.0,,6.83,89.15,,9810.3,50.8,61.7,69.4,2830.4
2009-07,,78.31,-2.1,1.8,83.43962097167969,,935.1,13.4,,0.2,1873.8,,6.83,96.3,,9691.1,51.0,61.2,72.6,3209.9
2009-08,,78.13,-1.5,1.8,73.37187957763672,,949.7,14.4,,0.2,1997.2,,6.83,114.04,,10430.4,55.7,67.6,78.5,3075.5
2009-09,,76.66,-1.3,1.6,92.8399887084961,,990.5,16.1,,0.2,2084.7,,6.83,125.2,,10302.9,58.0,71.5,82.5,2889.0
2009-10,,76.39,-0.2,1.5,90.57640075683594,,1044.7,17.2,,0.1,2122.8,,6.83,135.17,,10066.2,59.2,72.6,81.1,3008.8
2009-11,,74.71,1.8,1.3,82.10176086425781,,1131.6,17.9,,0.1,2143.5,,6.83,144.07,,9641.0,58.7,71.8,78.7,3206.4
2009-12,,77.92,2.7,1.4,92.94691467285156,,1127.4,17.6,,0.1,2220.6,,6.83,154.95,,10169.0,60.8,73.4,82.0,3220.2
2010-01,,79.48,2.6,1.4,91.58102416992188,,1117.8,17.8,59.7,0.1,2267.8,,6.83,160.94,,10661.6,61.1,75.1,83.6,3163.8
2010-02,,80.35,2.1,1.4,80.72535705566406,,1097.5,15.8,59.7,0.1,2194.4,,6.83,145.47,,10175.1,58.2,70.9,79.5,2987.0
2010-03,,81.0,2.3,1.5,74.116943359375,,1114.3,17.1,59.7,0.2,2362.2,,6.83,159.33,,10671.5,62.1,75.5,82.7,3056.8
2010-04,,81.89,2.2,1.5,88.76158142089844,,1149.4,18.1,14.2,0.2,2475.7,,6.83,159.33,,11139.8,64.7,76.9,86.0,3053.4
2010-05,,86.68,2.0,1.3,88.95870971679688,,1206.1,18.4,14.2,0.2,2319.2,,6.83,153.86,,10104.0,60.7,69.4,82.0,2661.9
2010-06,,86.09,1.1,1.3,96.45369720458984,,1233.6,18.4,14.2,0.2,2235.2,,6.82,134.94,,9786.1,61.5,69.3,84.0,2541.4
2010-07,,81.59,1.2,1.2,79.38137817382812,,1192.7,17.9,24.0,0.2,2210.3,,6.78,138.81,,9456.8,61.4,69.0,86.1,2493.4
2010-08,,83.13,1.1,1.0,80.99386596679688,,1217.7,18.4,24.0,0.2,2205.3,,6.79,147.25,,9268.2,62.0,70.4,87.6,2636.2
2010-09,,78.76,1.1,0.9,71.16854858398438,,1272.2,20.6,24.0,0.2,2298.3,,6.74,155.5,,9346.7,63.1,72.7,90.4,2645.3
2010-10,,77.05,1.2,0.5,65.99193572998047,,1344.6,23.5,-18.8,0.2,2441.3,,6.67,179.36,,9455.1,65.6,74.5,94.0,2942.5
2010-11,,81.34,1.1,0.7,94.70516967773438,,1371.8,26.7,-18.8,0.2,2531.0,,6.65,176.02,,9797.2,68.6,74.9,95.7,2973.7
2010-12,,79.05,1.5,1.0,97.20389556884766,,1392.4,29.3,-18.8,0.2,2631.6,,6.65,174.99,,10254.5,71.6,75.9,99.7,2845.9
2011-01,,77.77,1.6,1.1,79.42161560058594,,1360.7,28.5,142.5,0.2,2717.2,,6.6,191.21,,10449.5,72.2,78.1,104.0,2766.6
2011-02,,76.91,2.1,1.2,90.01448822021484,,1374.9,31.1,142.5,0.2,2783.5,,6.58,199.74,,10622.3,74.4,80.3,100.1,2872.0
2011-03,,76.01,2.7,1.0,136.8883056640625,,1422.5,35.9,142.5,0.1,2722.3,,6.56,205.29,,9852.4,71.1,77.7,99.4,2941.9
2011-04,,73.03,3.2,0.9,91.01776885986328,,1484.9,43.1,69.4,0.1,2797.1,,6.53,206.74,,9644.6,73.7,79.4,107.1,2995.9
2011-05,,74.65,3.6,0.8,105.34491729736328,,1512.1,36.8,69.4,0.1,2815.1,,6.5,215.99,,9650.8,73.4,79.3,105.7,2827.1
2011-06,,74.36,3.6,0.8,84.391845703125,,1528.1,35.7,69.4,0.1,2687.8,,6.47,207.96,,9541.5,71.4,76.7,103.2,2708.7
2011-07,,73.74,3.6,0.6,78.92475891113281,,1574.2,38.1,148.8,0.1,2810.6,,6.46,208.52,,9996.7,72.7,76.1,106.9,2773.6
2011-08,,74.12,3.8,0.1,86.95156860351562,,1763.0,40.3,148.8,0.1,2504.6,,6.4,185.71,,9072.9,59.2,64.3,92.8,2592.5
2011-09,,78.8,3.9,0.1,83.35044860839844,,1771.0,38.0,148.8,0.1,2524.1,,6.39,173.64,,8695.4,54.4,60.3,89.1,2460.2
2011-10,,76.52,3.5,0.2,76.33993530273438,,1670.8,32.1,120.1,0.1,2594.8,,6.37,170.36,,8733.6,58.5,63.1,90.7,2401.1
2011-11,,78.37,3.4,0.0,83.15767669677734,,1739.1,33.2,120.1,0.1,2606.3,,6.36,160.74,,8506.1,58.1,60.7,92.4,2456.6
2011-12,,80.25,3.0,-0.0,85.34132385253906,,1639.9,30.1,120.1,0.1,2601.7,,6.35,153.43,,8506.0,58.4,61.7,92.6,2248.8
2012-01,,79.32,2.9,-0.1,79.63497161865234,,1661.0,30.8,122.5,0.1,2743.8,,6.32,171.06,,8616.7,62.4,65.0,94.3,2250.2
2012-02,,78.79,2.9,-0.3,92.4458236694336,,1741.2,34.2,122.5,0.1,2929.0,,6.3,192.29,,9242.3,67.2,68.6,99.6,2366.0
2012-03,,78.95,2.7,-0.1,88.75997924804688,,1676.4,33.0,122.5,0.1,3035.9,,6.31,209.32,,9962.3,68.8,70.2,100.6,2383.9
2012-04,,78.77,2.3,-0.2,96.01668548583984,,1649.5,31.6,170.7,0.1,3035.1,,6.3,229.56,,9627.4,66.7,65.9,99.2,2356.6
2012-05,,83.07,1.7,-0.3,78.17115783691406,,1587.4,28.8,170.7,0.2,2900.4,,6.32,223.5,,8842.5,62.9,62.7,93.9,2388.5
2012-06,,81.6,1.7,-0.5,77.82243347167969,,1600.1,28.1,170.7,0.2,2850.4,,6.36,223.9,,8638.1,59.9,61.8,91.8,2282.5
2012-07,,82.67,1.4,-0.6,82.80802154541016,,1593.0,27.4,117.8,0.2,2920.1,,6.37,228.41,,8760.7,63.3,64.6,90.8,2168.8
2012-08,,81.25,1.7,-0.6,74.87835693359375,,1630.0,28.9,117.8,0.1,3032.7,,6.36,238.72,,8949.9,66.8,68.9,95.5,2114.3
2012-09,,79.89,2.0,-0.7,69.28050994873047,,1745.6,33.8,117.8,0.1,3136.8,,6.32,250.4,,8948.6,69.6,70.2,97.5,2070.1
2012-10,,79.94,2.2,-0.7,81.66366577148438,,1744.1,33.1,158.3,0.2,3060.3,,6.26,264.09,,8827.4,70.0,69.4,96.8,2100.1
2012-11,,80.15,1.8,-0.8,81.38964080810547,,1722.2,32.8,158.3,0.2,2941.0,,6.23,261.96,,9059.9,69.7,69.9,94.7,2042.7
2012-12,,79.81,1.7,-0.8,74.83155822753906,,1682.6,31.7,158.3,0.2,3003.8,,6.23,249.81,,9814.4,73.0,73.2,98.3,2124.7
2013-01,,79.22,1.6,-0.6,90.6574935913086,,1670.3,31.1,170.5,0.1,3125.9,,6.22,263.13,,10750.9,74.7,75.2,98.8,2311.0
2013-02,,81.94,2.0,-0.6,81.59033203125,,1626.8,30.2,170.5,0.2,3169.2,,6.23,269.74,,11336.4,74.4,74.8,98.4,2380.4
2013-03,,82.98,1.5,-0.6,75.89672088623047,,1593.4,28.8,170.5,0.1,3236.2,,6.22,265.94,,12244.0,76.4,76.8,99.0,2296.4
2013-04,,81.72,1.1,-0.7,95.10787200927734,,1484.8,25.3,181.4,0.2,3251.4,,6.19,249.94,,13224.1,74.6,75.7,96.4,2211.8
2013-05,,83.26,1.4,-0.4,83.71731567382812,,1416.3,23.1,181.4,0.1,3440.4,,6.14,288.44,,14532.4,78.5,80.0,98.2,2264.5
2013-06,,83.18,1.8,0.3,82.97300720214844,,1342.2,21.1,181.4,0.1,3416.7,,6.13,297.22,,13106.6,76.1,76.9,93.9,2119.1
2013-07,,81.65,2.0,0.5,73.97581481933594,,1287.6,19.7,126.9,0.1,3559.7,,6.13,323.85,,14317.5,76.9,78.7,93.1,2013.6
2013-08,,82.03,1.5,0.6,90.95674896240234,,1353.3,22.1,126.9,0.1,3639.9,,6.12,363.35,,13726.7,78.8,82.1,94.4,2073.8
2013-09,,80.22,1.2,0.7,100.4593276977539,,1350.7,22.6,126.9,0.1,3731.3,,6.12,401.63,,14372.1,80.3,83.6,98.8,2185.3
2013-10,,80.25,1.0,0.4,72.95311737060547,,1315.7,22.0,150.6,0.1,3848.2,,6.1,424.19,,14329.0,83.2,85.8,100.8,2186.7
2013-11,,80.65,1.2,0.5,77.77902221679688,,1274.9,20.7,150.6,0.1,3957.5,,6.09,420.59,,14931.7,86.7,87.1,99.9,2162.0
2013-12,,80.15,1.5,0.7,70.37248992919922,,1221.3,19.6,150.6,0.1,4075.9,,6.07,466.78,,15655.2,87.6,85.1,98.9,2163.4
2014-01,,81.27,1.6,0.6,77.91596984863281,,1243.6,19.9,118.8,0.1,4154.4,,6.05,508.48,,15578.3,89.8,87.1,97.0,2036.3
2014-02,,79.77,1.1,0.6,69.00352478027344,,1302.8,20.9,118.8,0.1,4199.5,,6.08,558.68,,14617.6,89.7,88.3,96.3,2091.5
2014-03,,80.12,1.5,0.6,119.83855438232422,,1334.5,20.6,118.8,0.1,4276.4,,6.17,581.36,,14694.8,88.3,89.5,97.1,2036.6
2014-04,,79.52,2.0,0.5,93.22154235839844,,1298.8,19.7,169.6,0.1,4119.3,,6.22,525.94,,14475.3,89.1,91.4,99.0,2074.4
2014-05,,80.39,2.1,0.4,83.4288558959961,,1288.1,19.3,169.6,0.1,4135.4,,6.24,415.88,,14343.1,89.8,92.3,98.9,2029.8
2014-06,,79.8,2.1,0.4,98.76710510253906,,1282.3,19.9,169.6,0.1,4332.7,,6.23,114.46,,15131.8,91.4,93.1,99.2,2043.0
2014-07,,81.45,2.0,0.3,138.7539520263672,,1311.8,20.9,177.0,0.1,4434.1,,6.2,124.6,,15379.3,89.6,90.0,100.5,2086.2
2014-08,,82.72,1.7,0.2,136.44558715820312,,1295.4,19.7,177.0,0.1,4464.8,,6.15,130.23,,15358.7,85.2,87.4,102.5,2218.4
2014-09,,85.91,1.7,0.5,131.55665588378906,,1237.7,18.4,177.0,0.1,4551.6,,6.14,122.53,,15948.5,88.2,90.7,101.6,2317.1
2014-10,,86.92,1.7,0.4,83.66100311279297,,1222.8,17.2,135.8,0.1,4403.2,,6.13,117.56,,15394.1,82.4,84.6,96.7,2354.7
2014-11,,88.29,1.3,0.4,84.38005065917969,,1177.0,16.0,135.8,0.1,4687.7,,6.12,125.75,,17179.0,87.3,87.6,97.4,2493.3
2014-12,,90.26,0.8,0.5,86.5262222290039,367.4,1196.2,16.2,135.8,0.1,4732.7,,6.19,114.39,,17541.7,90.3,88.1,96.5,2994.5
2015-01,,94.74,-0.1,0.3,111.9856948852539,228.3,1251.3,17.1,103.1,0.1,4673.7,,6.22,127.21,,17274.4,93.3,90.8,95.5,3293.9
2015-02,,95.29,0.0,0.3,111.92469787597656,235.0,1226.6,16.8,103.1,0.1,4854.3,,6.25,133.31,,18053.2,101.0,98.7,97.5,3186.5
2015-03,,98.47,-0.1,0.3,104.23526763916016,270.1,1179.6,16.3,103.1,0.1,4938.0,,6.24,137.63,,19197.6,107.9,103.5,100.1,3483.9
2015-04,,94.77,-0.2,0.1,102.19049072265624,236.2,1199.7,16.4,141.4,0.1,4986.0,,6.2,159.52,,19767.9,109.4,106.7,104.8,4186.2
2015-05,,96.85,0.0,0.3,76.2623291015625,237.4,1198.9,16.8,141.4,0.1,5029.4,,6.2,157.84,,19974.2,105.2,104.9,105.3,4467.8
2015-06,,95.54,0.1,0.5,85.90596771240234,238.4,1182.2,16.1,141.4,0.1,5073.0,,6.21,156.33,,20403.8,101.3,102.2,102.6,4798.0
2015-07,,97.21,0.2,0.5,106.80866241455078,280.4,1130.6,15.1,172.4,0.1,5082.8,,6.21,149.31,,20372.6,101.9,102.6,102.3,3848.2
2015-08,,95.94,0.2,0.6,82.47853088378906,251.8,1119.3,14.9,172.4,0.1,4934.6,,6.34,137.45,,19919.1,98.3,101.0,97.2,3594.0
2015-09,,96.24,0.0,0.6,98.7674560546875,234.4,1125.1,14.7,172.4,0.1,4748.0,,6.37,130.35,,17944.2,91.2,93.8,96.5,3128.0
2015-10,,96.92,0.2,0.6,91.931884765625,266.2,1157.6,15.8,162.7,0.1,4879.0,,6.35,144.7,,18374.1,93.4,97.4,100.5,3342.5
2015-11,,100.21,0.5,0.7,150.71588134765625,349.5,1084.8,14.4,162.7,0.1,5082.5,,6.36,152.86,,19581.8,99.7,101.3,99.8,3561.2
2015-12,,98.63,0.7,0.7,148.23687744140625,424.6,1068.7,14.1,162.7,0.2,5040.5,,6.45,150.97,,19202.6,97.5,97.1,98.0,3546.0
2016-01,,99.57,1.4,0.7,118.21114349365234,410.6,1095.7,14.1,110.6,0.3,4610.7,,6.57,140.36,,17302.3,90.4,90.9,94.4,2983.4
2016-02,,98.23,1.0,0.5,103.74964904785156,403.4,1200.6,15.1,110.6,0.4,4463.2,,6.55,140.89,,16347.0,85.2,87.3,94.6,2803.2
2016-03,,94.65,0.9,0.3,109.72029113769533,414.7,1243.8,15.4,110.6,0.4,4754.5,,6.5,152.14,,16897.3,90.2,92.1,98.1,2908.6
2016-04,,93.02,1.1,0.2,85.22145080566406,436.1,1242.1,16.3,84.9,0.4,4892.2,,6.48,161.55,,16543.5,91.5,92.8,99.2,3005.1
2016-05,,95.83,1.0,0.2,88.3324203491211,463.5,1256.2,16.8,84.9,0.4,4788.2,,6.53,159.81,,16612.7,90.3,91.6,97.8,2859.9
2016-06,,95.89,1.0,0.2,90.16812896728516,644.6,1276.2,17.2,84.9,0.4,4856.2,,6.59,172.47,,16068.8,88.6,89.7,98.3,2899.2
2016-07,,95.8,0.8,0.0,114.6104507446289,663.5,1339.7,20.0,89.0,0.4,5024.0,,6.68,182.79,,16168.3,89.4,90.2,99.6,3016.9
2016-08,,96.01,1.1,0.1,98.73848724365234,580.1,1338.5,19.5,89.0,0.4,5217.0,,6.65,194.38,2177.5,16586.1,94.3,92.7,101.3,3050.0
2016-09,,95.46,1.5,0.1,104.54522705078124,606.1,1326.2,19.3,89.0,0.4,5254.2,,6.67,211.59,2157.7,16737.0,94.3,93.5,101.3,3036.5
2016-10,,98.33,1.6,0.1,85.74778747558594,642.5,1265.3,17.6,110.4,0.4,5256.0,,6.73,213.07,2143.0,17044.5,95.2,94.2,101.3,3086.0
2016-11,,101.52,1.7,0.3,82.91875457763672,725.6,1235.5,17.4,110.4,0.4,5260.6,,6.84,198.08,2165.0,17689.5,94.2,94.0,98.5,3195.5
2016-12,261.8,102.68,2.1,0.6,102.1804656982422,825.5,1149.9,16.3,110.4,0.5,5413.1,261.8,6.92,186.45,2246.6,19066.0,99.3,99.3,100.5,3155.8
2017-01,268.1,99.57,2.5,0.4,105.20123291015624,914.5,1191.7,16.8,92.0,0.6,5561.4,268.1,6.89,197.73,2275.1,19194.1,102.9,101.5,102.6,3136.3
2017-02,275.4,101.33,2.7,0.4,114.20635986328124,1069.0,1234.4,17.9,92.0,0.7,5764.7,275.4,6.87,208.04,2329.9,19188.7,104.0,101.6,103.6,3211.5
2017-03,276.2,100.56,2.4,0.5,96.63587951660156,1132.0,1230.8,17.6,92.0,0.8,5865.0,276.2,6.89,218.28,2366.8,19340.2,106.4,104.8,106.1,3240.7
2017-04,283.8,99.04,2.2,0.4,119.45992279052734,1221.8,1267.4,18.0,96.3,0.9,5912.2,283.8,6.89,233.16,2359.3,18736.4,108.1,107.5,107.4,3213.3
2017-05,277.8,96.98,1.9,0.5,102.57996368408205,1903.2,1245.7,16.8,96.3,0.9,6124.9,277.8,6.88,261.33,2395.3,19726.8,110.8,112.3,113.9,3094.6
2017-06,278.2,95.62,1.6,0.5,126.7890167236328,2618.0,1260.3,16.9,96.3,1.0,6224.3,278.2,6.81,276.99,2434.0,20045.6,110.9,111.2,117.9,3145.8
2017-07,271.1,92.85,1.7,0.5,102.81346130371094,2510.7,1236.4,16.2,96.6,1.2,6294.7,271.1,6.77,288.45,2454.1,20044.9,108.4,109.2,120.0,3222.2
2017-08,276.2,92.59,1.9,0.4,138.5316162109375,3873.7,1283.7,16.9,96.6,1.2,6311.4,276.2,6.67,322.23,2456.2,19670.2,106.9,108.3,117.9,3287.5
2017-09,279.5,93.07,2.2,0.4,115.5344467163086,4108.8,1316.1,17.4,96.6,1.2,6428.1,279.5,6.57,334.62,2492.8,19924.4,109.9,110.2,117.9,3363.2
2017-10,275.2,94.56,2.0,0.5,91.4615707397461,5351.1,1280.9,16.9,93.7,1.2,6603.0,275.2,6.63,350.12,2557.0,21267.5,114.5,113.8,122.3,3386.9
2017-11,274.8,93.01,2.2,0.5,92.59601593017578,7791.4,1282.6,17.0,93.7,1.2,6796.0,274.8,6.62,396.49,2593.6,22525.1,115.9,113.6,126.0,3388.2
2017-12,270.7,92.28,2.1,0.5,82.71825408935547,15271.4,1265.8,16.2,93.7,1.3,6889.7,270.7,6.59,393.77,2664.3,22769.9,115.7,113.4,122.6,3293.7
2018-01,276.7,89.09,2.1,0.5,92.42678833007812,12926.8,1330.5,17.1,84.8,1.4,7279.5,276.7,6.42,447.99,2789.8,23712.2,118.0,115.8,125.2,3457.0
2018-02,271.6,90.66,2.2,0.8,64.49137115478516,9382.8,1331.6,16.6,84.8,1.4,7161.8,271.6,6.32,436.29,2705.2,21991.7,111.2,111.5,121.2,3296.3
2018-03,271.4,89.97,2.4,0.8,111.96229553222656,8983.7,1325.4,16.4,84.8,1.5,7311.5,271.4,6.32,443.9,2702.8,21395.5,109.0,110.4,121.8,3247.8
2018-04,272.2,91.83,2.5,0.7,123.2634735107422,8021.7,1334.6,16.6,152.8,1.7,7084.1,272.2,6.3,401.37,2653.6,21868.8,110.4,113.0,122.2,3124.3
2018-05,268.5,93.98,2.8,0.8,125.66661834716795,8421.6,1303.8,16.5,152.8,1.7,7339.3,268.5,6.37,399.85,2701.5,22590.1,113.3,117.0,122.5,3147.1
2018-06,267.7,94.47,2.9,0.8,103.96858978271484,6769.0,1281.4,16.5,152.8,1.8,7645.1,267.7,6.47,404.9,2754.4,22562.9,110.8,114.6,119.4,2978.1
2018-07,268.1,94.56,2.9,0.8,110.02842712402344,7123.1,1238.0,15.7,240.5,1.9,7756.9,268.1,6.72,378.7,2793.6,22309.1,109.9,114.4,113.6,2821.1
2018-08,265.8,95.1,2.7,0.8,112.74168395996094,6678.9,1201.1,15.0,240.5,1.9,7892.2,265.8,6.85,353.62,2857.8,22494.1,109.6,115.2,113.5,2748.2
2018-09,265.7,95.06,2.3,0.9,75.05390930175781,6585.8,1197.9,14.3,240.5,2.0,7983.3,265.7,6.86,322.91,2901.5,23159.3,107.3,114.0,115.0,2723.1
2018-10,273.2,97.13,2.5,1.0,92.0164794921875,6415.0,1215.6,14.6,178.1,2.2,7527.1,273.2,6.92,283.87,2785.5,22690.8,101.9,109.2,107.6,2602.0
2018-11,273.7,97.2,2.2,1.1,80.40758514404297,5348.1,1220.4,14.3,178.1,2.2,7236.1,273.7,6.94,291.67,2723.2,21967.9,99.3,106.1,103.6,2631.0
2018-12,278.7,96.06,1.9,1.0,90.607666015625,3660.9,1253.1,14.7,178.1,2.3,6814.3,278.7,6.88,312.0,2567.3,21032.4,93.8,100.2,102.8,2573.7
2019-01,284.3,95.55,1.6,0.9,87.42410278320312,3659.4,1291.4,15.6,146.2,2.4,6979.7,284.3,6.79,329.61,2607.4,20460.5,95.6,101.2,104.4,2558.4
2019-02,288.5,96.23,1.5,0.8,96.80016326904295,3659.2,1320.2,15.8,146.2,2.4,7430.1,288.5,6.74,343.27,2754.9,21123.6,98.1,107.1,109.8,2779.5
2019-03,284.0,97.2,1.9,0.7,82.32829284667969,3924.3,1300.6,15.3,146.2,2.4,7629.4,284.0,6.71,357.67,2804.0,21414.9,100.2,111.0,107.6,3048.2
2019-04,281.4,97.54,2.0,0.6,79.25344848632812,5146.6,1286.4,15.0,227.8,2.4,7993.4,281.4,6.72,385.43,2903.8,21964.9,104.4,115.1,110.0,3195.1
2019-05,286.5,97.61,1.8,0.6,106.4719009399414,7286.9,1284.3,14.6,227.8,2.4,7804.8,286.5,6.85,354.23,2854.7,21218.4,102.6,111.9,104.3,2898.8
2019-06,304.9,96.14,1.6,0.4,106.58845520019533,9393.4,1360.8,15.0,227.8,2.4,7825.5,304.9,6.9,341.56,2890.2,21060.2,101.2,112.7,104.6,2923.6
2019-07,315.5,98.59,1.8,0.3,93.52125549316406,10657.8,1413.9,15.8,113.5,2.4,8205.6,315.5,6.88,361.65,2996.1,21593.7,103.2,115.9,103.4,2947.8
2019-08,343.2,98.81,1.7,0.0,103.4044189453125,10640.4,1502.3,17.2,113.5,2.1,7910.9,343.2,7.06,335.36,2897.5,20629.7,98.0,111.4,96.7,2847.1
2019-09,348.1,99.4,1.7,0.1,90.36798858642578,9795.3,1507.8,18.1,113.5,2.0,8087.7,348.1,7.11,338.81,2982.2,21585.5,102.5,116.4,101.7,2978.4
2019-10,342.0,97.33,1.8,0.1,97.83673095703124,8387.0,1494.7,17.6,117.9,1.8,8079.3,342.0,7.1,323.46,2977.7,22197.5,104.3,116.7,102.6,2954.8
2019-11,333.5,98.29,2.1,0.2,73.07838439941406,8337.2,1470.2,17.1,117.9,1.6,8517.6,333.5,7.02,330.56,3104.9,23278.1,109.7,122.1,105.8,2923.8
2019-12,335.6,96.49,2.3,0.1,74.27989196777344,7248.6,1482.0,17.2,117.9,1.6,8778.6,335.6,7.01,356.9,3176.7,23660.4,110.5,122.8,107.0,2962.1
2020-01,347.2,97.36,2.5,0.0,138.4209442138672,8369.3,1561.4,18.0,140.8,1.6,9233.4,347.2,6.92,388.93,3278.2,23642.9,112.0,124.4,109.7,3078.7
2020-02,359.4,98.14,2.3,-0.1,75.95555877685547,9640.9,1595.5,17.8,140.8,1.6,9418.8,359.4,7.0,402.18,3277.3,23180.4,111.2,123.3,107.8,2927.5
2020-03,357.3,98.94,1.5,-0.1,81.54003143310547,6884.6,1592.7,14.9,140.8,0.6,7772.2,357.3,7.02,372.25,2652.4,18974.0,83.9,93.0,88.8,2852.1
2020-04,373.0,99.04,0.3,-0.4,69.33940124511719,7223.9,1685.9,15.1,63.7,0.0,8292.4,373.0,7.07,398.22,2762.0,19208.4,87.0,91.9,92.2,2814.1
2020-05,388.3,98.3,0.1,-0.4,68.50721740722656,9256.8,1718.4,16.3,63.7,0.0,9105.7,388.3,7.1,420.41,2919.6,20543.3,92.1,93.7,97.5,2867.1
2020-06,391.4,97.39,0.6,-0.5,71.22785949707031,9479.8,1736.0,17.7,63.7,0.1,9840.0,391.4,7.08,454.19,3104.7,22486.9,101.5,102.9,106.1,2940.7
2020-07,407.0,93.49,1.0,-0.8,66.47328186035156,9602.2,1846.2,20.6,-10.6,0.1,10499.9,407.0,7.0,534.5,3207.6,22529.5,104.4,103.7,109.2,3288.8
2020-08,423.6,92.15,1.3,-1.0,65.46604919433594,11650.7,1969.3,27.0,-10.6,0.1,11212.3,423.6,6.93,528.9,3391.7,22901.4,105.5,103.4,117.0,3374.2
2020-09,411.3,93.83,1.4,-1.0,80.37738037109375,10653.8,1922.5,25.8,-10.6,0.1,11088.7,411.3,6.81,518.2,3365.5,23306.9,105.9,102.9,117.8,3288.9
2020-10,403.1,94.03,1.2,-0.9,76.08316802978516,11892.8,1899.9,24.2,61.0,0.1,11435.3,403.1,6.73,561.17,3418.7,23451.4,103.8,101.3,117.2,3301.7
2020-11,393.0,92.03,1.2,-0.8,70.06746673583984,16678.6,1865.6,24.0,61.0,0.1,11794.5,393.0,6.6,589.45,3549.0,25384.9,105.5,111.2,124.5,3345.5
2020-12,386.3,89.95,1.4,-1.0,64.06729125976562,21999.3,1859.9,25.0,61.0,0.1,12619.1,386.3,6.54,570.77,3695.3,26773.0,110.6,115.7,137.4,3399.7
2021-01,389.1,90.54,1.4,-1.0,77.418701171875,34764.0,1865.1,25.9,115.6,0.1,13186.6,389.1,6.47,642.98,3793.7,28189.1,114.5,117.0,153.1,3566.4
2021-02,378.0,90.94,1.7,-0.9,73.95680236816406,46356.0,1808.5,27.3,115.6,0.1,13737.4,378.0,6.46,727.14,3883.4,29458.8,116.2,119.2,153.8,3576.9
2021-03,362.5,93.21,2.6,-0.7,78.61876678466797,54887.2,1720.6,25.6,115.6,0.1,13168.8,362.5,6.51,646.07,3910.5,29315.3,119.0,124.1,150.7,3443.0
2021-04,370.4,91.3,4.2,-0.7,88.16622161865234,57147.3,1759.2,25.6,209.6,0.1,13900.4,370.4,6.52,624.58,4141.2,29426.8,124.1,129.0,157.4,3453.5
2021-05,385.8,89.85,5.0,-0.8,93.00713348388672,46475.6,1852.6,27.5,209.6,0.1,13520.2,385.8,6.43,602.67,4167.8,28517.1,122.9,131.6,157.5,3508.9
2021-06,378.4,92.35,5.4,-0.8,74.12712097167969,35854.0,1831.9,26.9,209.6,0.1,14097.2,378.4,6.43,599.1,4238.5,28943.2,125.8,135.7,162.0,3575.9
2021-07,376.5,92.06,5.4,-1.0,58.42076873779297,34426.5,1805.7,25.7,90.6,0.1,14639.1,376.5,6.48,530.34,4363.7,28118.8,125.7,134.6,161.8,3513.9
2021-08,372.9,92.65,5.3,-1.1,89.4865493774414,45685.2,1786.3,24.0,90.6,0.1,14856.5,372.9,6.48,458.71,4454.2,27692.7,127.7,139.1,158.2,3494.7
2021-09,371.8,94.24,5.4,-1.0,80.69696807861328,45935.9,1777.5,23.2,90.6,0.1,15023.5,371.8,6.46,475.85,4445.5,29893.6,125.9,137.3,156.2,3627.2
2021-10,368.6,94.12,6.2,-1.0,79.02923583984375,57914.6,1776.5,23.4,34.3,0.1,14879.0,368.6,6.42,486.95,4460.7,28586.2,123.9,137.4,148.7,3574.0
2021-11,374.8,95.9,6.8,-1.1,86.56914520263672,60722.9,1818.1,24.1,34.3,0.1,15814.9,374.8,6.39,478.72,4667.4,29370.6,127.7,144.1,147.4,3538.6
2021-12,368.9,95.65,7.0,-1.0,105.34542083740234,49332.7,1792.8,22.5,34.3,0.1,15474.4,368.9,6.37,455.62,4674.8,28514.2,124.3,143.1,148.6,3627.0
2022-01,372.8,96.64,7.5,-0.7,138.67498779296875,41110.4,1816.5,23.1,82.4,0.1,14531.4,372.8,6.36,461.08,4573.8,27904.0,125.1,145.5,142.0,3533.9
2022-02,382.1,96.71,7.9,-0.5,216.1590118408203,40757.1,1859.5,23.5,82.4,0.1,13898.7,382.1,6.34,461.56,4436.0,27066.5,119.8,141.1,135.1,3461.9
2022-03,397.2,98.35,8.5,-0.7,318.9549255371094,41956.0,1951.6,25.3,82.4,0.2,13623.3,397.2,6.34,379.27,4391.3,26584.1,110.3,131.8,134.0,3284.3
2022-04,400.9,103.21,8.3,-0.1,191.14309692382807,41408.0,1936.9,24.6,158.6,0.3,13394.2,400.9,6.43,360.64,4391.3,27043.3,110.4,134.2,134.4,3134.8
2022-05,399.5,101.79,8.6,0.2,142.25848388671875,31678.8,1848.1,21.9,158.6,0.8,11829.7,399.5,6.7,351.97,4040.4,26653.8,105.6,130.0,130.8,3090.4
2022-06,396.1,104.73,9.1,0.5,130.7073211669922,24352.1,1837.1,21.5,158.6,1.2,11418.9,396.1,6.7,373.88,3898.9,26958.4,102.0,125.6,124.0,3295.4
2022-07,378.0,105.83,8.5,0.5,117.17676544189452,21522.8,1736.4,19.1,456.9,1.7,11622.6,378.0,6.74,334.86,3911.7,26986.7,96.6,124.4,117.5,3305.0
2022-08,388.2,108.71,8.3,0.4,132.86322021484375,22353.6,1763.2,19.7,456.9,2.3,12570.3,388.2,6.8,309.05,4158.6,28351.7,99.8,131.2,123.4,3243.6
2022-09,386.9,112.22,8.2,1.1,131.98587036132812,19794.1,1681.2,18.9,456.9,2.6,11402.8,386.9,7.02,295.51,3850.5,27419.0,93.5,122.4,116.3,3152.1
2022-10,391.9,111.58,7.7,1.6,143.16241455078125,19649.7,1666.1,19.4,382.1,3.1,10801.5,391.9,7.19,240.66,3726.1,26983.2,92.2,122.1,110.7,3006.1
2022-11,402.1,105.98,7.1,1.5,116.7162857055664,17585.6,1729.1,21.1,382.1,3.8,10973.6,402.1,7.18,263.53,3917.5,27903.3,102.1,132.6,120.2,3079.4
2022-12,406.6,103.49,6.5,1.4,111.19593811035156,16942.8,1797.4,23.3,382.1,4.1,10839.0,406.6,6.97,316.75,3912.4,27214.7,103.0,133.3,117.1,3135.4
2023-01,416.0,102.1,6.4,1.3,104.2670440673828,20244.9,1902.2,23.7,290.4,4.3,11014.0,416.0,6.79,373.71,3960.7,26606.3,109.9,140.3,117.6,3195.3
2023-02,414.4,104.99,6.0,1.4,120.99437713623048,23294.7,1853.4,21.9,290.4,4.6,11785.1,414.4,6.84,373.14,4079.7,27509.1,113.7,145.9,121.8,3269.8
2023-03,428.8,102.44,5.0,1.4,105.37997436523438,25126.0,1914.5,22.0,290.4,4.6,11637.1,428.8,6.89,357.46,3968.6,27693.2,111.5,144.3,120.2,3268.8
2023-04,444.3,101.67,4.9,1.2,106.80965423583984,28854.5,2001.1,25.1,176.3,4.8,12073.5,444.3,6.89,361.28,4121.5,28275.8,114.4,149.4,125.5,3320.7
2023-05,449.3,104.23,4.0,1.4,108.46768188476562,27499.1,1991.1,24.2,176.3,5.1,12446.5,449.3,6.99,332.92,4146.2,30147.5,113.4,147.8,125.5,3280.8
2023-06,449.4,102.92,3.0,1.5,110.52894592285156,27760.1,1940.8,23.4,176.3,5.1,13463.8,449.4,7.16,339.64,4345.4,32754.5,113.0,145.7,129.3,3216.5
2023-07,454.5,101.88,3.2,1.6,107.44878387451172,30057.1,1949.1,24.1,367.3,5.1,14033.1,454.5,7.19,338.29,4508.1,32694.1,113.2,147.2,129.0,3216.9
2023-08,457.2,103.64,3.7,1.8,101.14118194580078,27850.0,1918.0,23.4,367.3,5.3,13739.5,457.2,7.25,331.73,4457.4,32167.4,111.6,146.2,127.4,3176.9
2023-09,468.0,106.19,3.7,2.0,98.6348114013672,26305.7,1913.3,23.1,367.3,5.3,13585.8,468.0,7.3,314.48,4409.1,32725.6,109.9,144.7,126.1,3126.1
2023-10,464.5,106.71,3.2,2.4,197.8870086669922,29754.2,1915.9,22.3,216.8,5.3,13199.4,464.5,7.31,298.61,4269.4,31381.0,105.3,139.0,119.3,3033.7
2023-11,470.7,103.51,3.1,2.2,156.69613647460938,36595.7,1985.3,23.5,216.8,5.3,13913.2,470.7,7.22,314.1,4460.1,32960.3,109.2,142.9,122.3,3045.8
2023-12,475.5,101.38,3.4,1.8,142.2794647216797,42547.5,2034.5,23.9,216.8,5.3,14690.5,475.5,7.14,305.88,4685.1,33118.0,116.1,150.0,127.3,2955.1
2024-01,479.4,103.52,3.1,1.8,160.3736572265625,42917.4,2031.8,22.9,313.3,5.3,15081.4,479.4,7.17,283.05,4804.5,35451.8,115.7,149.2,125.5,2872.7
2024-02,480.1,104.13,3.2,1.9,146.59817504882812,49881.0,2025.6,22.7,313.3,5.3,15808.9,480.1,7.19,285.33,5012.0,37785.2,118.3,154.4,130.7,2895.4
2024-03,506.4,104.5,3.5,1.9,133.21316528320312,67712.6,2163.6,24.5,313.3,5.3,16216.3,506.4,7.2,285.39,5170.6,39844.3,123.4,160.9,134.1,3044.9
2024-04,552.7,106.29,3.4,2.1,163.9473419189453,65869.8,2333.7,27.5,211.5,5.3,15950.9,552.7,7.24,318.58,5112.5,38750.5,123.6,160.3,133.0,3057.2
2024-05,555.0,104.65,3.3,2.1,130.52186584472656,65274.7,2350.2,29.5,211.5,5.3,16536.3,555.0,7.23,375.87,5235.2,38557.9,125.1,161.4,134.7,3131.6
2024-06,550.0,105.84,3.0,2.0,113.0927963256836,65900.3,2327.5,29.6,211.5,5.3,17495.9,550.0,7.25,379.01,5415.1,38858.9,122.8,154.2,136.5,3017.3
2024-07,560.8,104.03,2.9,2.0,92.3948745727539,62817.0,2394.6,29.8,201.0,5.3,17963.3,560.8,7.26,372.05,5538.0,40102.9,123.6,150.8,139.7,2947.2
2024-08,567.8,101.73,2.5,1.8,140.97506713867188,59915.7,2471.5,28.5,201.0,5.3,17268.3,567.8,7.15,371.38,5478.2,36873.3,121.2,147.7,131.7,2864.9
2024-09,581.8,100.75,2.4,1.6,130.35877990722656,60558.2,2571.4,30.0,201.0,5.1,17599.2,581.8,7.08,389.6,5621.3,37307.4,125.6,150.0,128.8,2826.3
2024-10,614.5,103.9,2.6,1.8,130.689208984375,65859.4,2691.4,32.5,366.6,4.8,18316.1,614.5,7.09,432.43,5792.3,38843.8,129.5,150.1,129.0,3276.6
2024-11,611.6,105.77,2.7,2.0,128.90164184570312,87505.7,2649.5,31.0,366.6,4.6,18961.4,611.6,7.21,408.54,5929.9,38645.6,128.2,145.3,124.5,3354.7
2024-12,617.6,108.48,2.9,2.1,142.36643981933594,98145.5,2638.7,30.3,366.6,4.5,19734.6,617.6,7.28,411.99,6010.9,39297.0,133.0,146.2,121.4,3388.9
2025-01,634.5,108.53,3.0,2.2,113.233154296875,100206.0,2711.3,30.4,237.0,4.3,19565.0,634.5,7.3,386.52,5979.5,39298.0,136.8,151.8,124.6,3225.6
2025-02,679.7,107.57,2.8,2.0,136.9805908203125,94752.8,2896.2,32.1,237.0,4.3,19547.3,679.7,7.27,463.65,6038.7,38735.3,146.6,160.0,128.2,3335.5
2025-03,695.5,104.19,2.4,1.9,175.901123046875,85061.6,2987.2,33.2,237.0,4.3,17828.0,695.5,7.25,514.56,5684.0,37311.8,150.7,160.1,128.5,3374.2
2025-04,765.8,99.65,2.3,2.0,140.97369384765625,86839.9,3222.6,32.2,179.3,4.3,16678.5,765.8,7.3,465.22,5369.5,34343.0,141.2,147.0,122.9,3268.0
2025-05,768.8,99.44,2.4,2.1,166.82772827148438,103954.8,3289.5,32.8,179.3,4.3,18642.4,768.8,7.22,508.04,5810.9,37490.5,154.1,155.7,129.9,3360.6
2025-06,777.0,96.77,2.7,2.1,221.1349029541016,105829.5,3352.6,36.0,179.3,4.3,19673.3,777.0,7.18,509.73,6030.0,38458.3,153.5,153.8,145.7,3396.8
2025-07,772.9,100.07,2.7,2.0,134.2220001220703,115618.2,3340.1,37.7,226.3,4.3,20784.9,772.9,7.17,521.96,6296.5,40173.0,155.6,155.9,157.5,3531.7
2025-08,775.9,97.85,2.9,1.9,138.98846435546875,114710.1,3367.8,38.1,226.3,4.3,21383.6,775.9,7.17,581.21,6408.9,42299.9,155.2,155.8,158.4,3719.1
2025-09,831.8,97.83,3.0,1.7,126.74058532714844,113487.3,3667.6,42.7,226.3,4.2,22188.6,831.8,7.12,633.16,6584.0,44218.5,151.4,155.6,166.7,3840.9
2025-10,938.6,99.73,,1.8,154.51292419433594,113788.1,4057.9,49.4,207.6,4.1,23003.1,938.6,7.12,643.88,6735.7,48521.1,154.4,161.4,186.6,3927.3
2025-11,932.8,99.47,2.7,1.8,104.35176849365234,95855.3,4086.1,50.8,207.6,3.9,23023.6,932.8,7.11,631.15,6740.9,50111.1,150.4,160.4,199.5,3945.6
2025-12,973.1,98.27,2.7,1.9,132.48622131347656,88866.0,4308.9,65.2,207.6,3.7,23377.3,973.1,7.04,606.48,6853.0,50162.4,154.3,161.3,203.6,3908.5
2026-01,1070.7,97.13,2.4,1.9,168.62986755371094,90511.6,4750.9,91.7,243.7,3.6,23520.7,1070.7,6.97,615.05,6929.1,53077.3,159.3,163.4,237.7,4117.2
2026-02,1116.8,97.62,2.4,1.8,119.86540985107422,68885.5,5018.2,81.8,243.7,3.6,22892.9,1116.8,6.91,543.26,6893.8,56480.9,160.1,167.1,276.7,4107.2
2026-03,1087.0,99.88,3.3,1.9,330.94464111328125,69502.1,4855.7,78.0,243.7,3.6,22130.0,1087.0,6.89,519.07,6654.4,53964.9,149.5,158.1,276.3,4027.4
2026-04,1040.2,98.1,3.8,1.9,254.42950439453125,73668.1,4721.3,75.8,,3.6,23677.1,1040.2,6.84,497.37,6957.0,57245.8,153.3,163.0,301.4,4027.0
2026-05,1005.6,98.93,4.2,2.0,203.55667114257807,77958.4,4587.1,77.9,,3.6,26155.8,1005.6,6.8,454.12,7412.6,62773.7,156.1,162.4,379.0,4151.6
2026-06,927.6,101.17,3.5,2.2,173.63955688476562,63013.2,4226.8,66.0,,3.6,26074.8,927.6,6.78,444.5,7450.0,68340.5,156.0,165.8,421.8,4065.1
2026-07,889.6,101.08,,2.3,,63853.7,4077.9,58.9,,3.6,25623.7,889.6,6.78,457.96,7481.3,66505.6,,,,3915.6
2026-08,,,,,,63139.5,,,,,,,,,,63754.9,,,,3809.7
