month,fed_rate_pct
1954-07,0.8
1954-08,1.2
1954-09,1.1
1954-10,0.8
1954-11,0.8
1954-12,1.3
1955-01,1.4
1955-02,1.3
1955-03,1.4
1955-04,1.4
1955-05,1.4
1955-06,1.6
1955-07,1.7
1955-08,2.0
1955-09,2.2
1955-10,2.2
1955-11,2.4
1955-12,2.5
1956-01,2.4
1956-02,2.5
1956-03,2.5
1956-04,2.6
1956-05,2.8
1956-06,2.7
1956-07,2.8
1956-08,2.7
1956-09,3.0
1956-10,3.0
1956-11,2.9
1956-12,2.9
1957-01,2.8
1957-02,3.0
1957-03,3.0
1957-04,3.0
1957-05,3.0
1957-06,3.0
1957-07,3.0
1957-08,3.2
1957-09,3.5
1957-10,3.5
1957-11,3.3
1957-12,3.0
1958-01,2.7
1958-02,1.7
1958-03,1.2
1958-04,1.3
1958-05,0.6
1958-06,0.9
1958-07,0.7
1958-08,1.5
1958-09,1.8
1958-10,1.8
1958-11,2.3
1958-12,2.4
1959-01,2.5
1959-02,2.4
1959-03,2.8
1959-04,3.0
1959-05,2.9
1959-06,3.4
1959-07,3.5
1959-08,3.5
1959-09,3.8
1959-10,4.0
1959-11,4.0
1959-12,4.0
1960-01,4.0
1960-02,4.0
1960-03,3.8
1960-04,3.9
1960-05,3.8
1960-06,3.3
1960-07,3.2
1960-08,3.0
1960-09,2.6
1960-10,2.5
1960-11,2.4
1960-12,2.0
1961-01,1.4
1961-02,2.5
1961-03,2.0
1961-04,1.5
1961-05,2.0
1961-06,1.7
1961-07,1.2
1961-08,2.0
1961-09,1.9
1961-10,2.3
1961-11,2.6
1961-12,2.3
1962-01,2.2
1962-02,2.4
1962-03,2.8
1962-04,2.8
1962-05,2.4
1962-06,2.7
1962-07,2.7
1962-08,2.9
1962-09,2.9
1962-10,2.9
1962-11,2.9
1962-12,2.9
1963-01,2.9
1963-02,3.0
1963-03,3.0
1963-04,2.9
1963-05,3.0
1963-06,3.0
1963-07,3.0
1963-08,3.5
1963-09,3.5
1963-10,3.5
1963-11,3.5
1963-12,3.4
1964-01,3.5
1964-02,3.5
1964-03,3.4
1964-04,3.5
1964-05,3.5
1964-06,3.5
1964-07,3.4
1964-08,3.5
1964-09,3.4
1964-10,3.4
1964-11,3.5
1964-12,3.8
1965-01,3.9
1965-02,4.0
1965-03,4.0
1965-04,4.1
1965-05,4.1
1965-06,4.0
1965-07,4.1
1965-08,4.1
1965-09,4.0
1965-10,4.1
1965-11,4.1
1965-12,4.3
1966-01,4.4
1966-02,4.6
1966-03,4.7
1966-04,4.7
1966-05,4.9
1966-06,5.2
1966-07,5.3
1966-08,5.5
1966-09,5.4
1966-10,5.5
1966-11,5.8
1966-12,5.4
1967-01,4.9
1967-02,5.0
1967-03,4.5
1967-04,4.0
1967-05,3.9
1967-06,4.0
1967-07,3.8
1967-08,3.9
1967-09,4.0
1967-10,3.9
1967-11,4.1
1967-12,4.5
1968-01,4.6
1968-02,4.7
1968-03,5.0
1968-04,5.8
1968-05,6.1
1968-06,6.1
1968-07,6.0
1968-08,6.0
1968-09,5.8
1968-10,5.9
1968-11,5.8
1968-12,6.0
1969-01,6.3
1969-02,6.6
1969-03,6.8
1969-04,7.4
1969-05,8.7
1969-06,8.9
1969-07,8.6
1969-08,9.2
1969-09,9.2
1969-10,9.0
1969-11,8.8
1969-12,9.0
1970-01,9.0
1970-02,9.0
1970-03,7.8
1970-04,8.1
1970-05,8.0
1970-06,7.6
1970-07,7.2
1970-08,6.6
1970-09,6.3
1970-10,6.2
1970-11,5.6
1970-12,4.9
1971-01,4.1
1971-02,3.7
1971-03,3.7
1971-04,4.2
1971-05,4.6
1971-06,4.9
1971-07,5.3
1971-08,5.6
1971-09,5.6
1971-10,5.2
1971-11,4.9
1971-12,4.1
1972-01,3.5
1972-02,3.3
1972-03,3.8
1972-04,4.2
1972-05,4.3
1972-06,4.5
1972-07,4.6
1972-08,4.8
1972-09,4.9
1972-10,5.0
1972-11,5.1
1972-12,5.3
1973-01,5.9
1973-02,6.6
1973-03,7.1
1973-04,7.1
1973-05,7.8
1973-06,8.5
1973-07,10.4
1973-08,10.5
1973-09,10.8
1973-10,10.0
1973-11,10.0
1973-12,10.0
1974-01,9.6
1974-02,9.0
1974-03,9.4
1974-04,10.5
1974-05,11.3
1974-06,11.9
1974-07,12.9
1974-08,12.0
1974-09,11.3
1974-10,10.1
1974-11,9.4
1974-12,8.5
1975-01,7.1
1975-02,6.2
1975-03,5.5
1975-04,5.5
1975-05,5.2
1975-06,5.6
1975-07,6.1
1975-08,6.1
1975-09,6.2
1975-10,5.8
1975-11,5.2
1975-12,5.2
1976-01,4.9
1976-02,4.8
1976-03,4.8
1976-04,4.8
1976-05,5.3
1976-06,5.5
1976-07,5.3
1976-08,5.3
1976-09,5.2
1976-10,5.0
1976-11,5.0
1976-12,4.6
1977-01,4.6
1977-02,4.7
1977-03,4.7
1977-04,4.7
1977-05,5.4
1977-06,5.4
1977-07,5.4
1977-08,5.9
1977-09,6.1
1977-10,6.5
1977-11,6.5
1977-12,6.6
1978-01,6.7
1978-02,6.8
1978-03,6.8
1978-04,6.9
1978-05,7.4
1978-06,7.6
1978-07,7.8
1978-08,8.0
1978-09,8.4
1978-10,9.0
1978-11,9.8
1978-12,10.0
1979-01,10.1
1979-02,10.1
1979-03,10.1
1979-04,10.0
1979-05,10.2
1979-06,10.3
1979-07,10.5
1979-08,10.9
1979-09,11.4
1979-10,13.8
1979-11,13.2
1979-12,13.8
1980-01,13.8
1980-02,14.1
1980-03,17.2
1980-04,17.6
1980-05,11.0
1980-06,9.5
1980-07,9.0
1980-08,9.6
1980-09,10.9
1980-10,12.8
1980-11,15.8
1980-12,18.9
1981-01,19.1
1981-02,15.9
1981-03,14.7
1981-04,15.7
1981-05,18.5
1981-06,19.1
1981-07,19.0
1981-08,17.8
1981-09,15.9
1981-10,15.1
1981-11,13.3
1981-12,12.4
1982-01,13.2
1982-02,14.8
1982-03,14.7
1982-04,14.9
1982-05,14.4
1982-06,14.2
1982-07,12.6
1982-08,10.1
1982-09,10.3
1982-10,9.7
1982-11,9.2
1982-12,9.0
1983-01,8.7
1983-02,8.5
1983-03,8.8
1983-04,8.8
1983-05,8.6
1983-06,9.0
1983-07,9.4
1983-08,9.6
1983-09,9.4
1983-10,9.5
1983-11,9.3
1983-12,9.5
1984-01,9.6
1984-02,9.6
1984-03,9.9
1984-04,10.3
1984-05,10.3
1984-06,11.1
1984-07,11.2
1984-08,11.6
1984-09,11.3
1984-10,10.0
1984-11,9.4
1984-12,8.4
1985-01,8.4
1985-02,8.5
1985-03,8.6
1985-04,8.3
1985-05,8.0
1985-06,7.5
1985-07,7.9
1985-08,7.9
1985-09,7.9
1985-10,8.0
1985-11,8.0
1985-12,8.3
1986-01,8.1
1986-02,7.9
1986-03,7.5
1986-04,7.0
1986-05,6.8
1986-06,6.9
1986-07,6.6
1986-08,6.2
1986-09,5.9
1986-10,5.8
1986-11,6.0
1986-12,6.9
1987-01,6.4
1987-02,6.1
1987-03,6.1
1987-04,6.4
1987-05,6.8
1987-06,6.7
1987-07,6.6
1987-08,6.7
1987-09,7.2
1987-10,7.3
1987-11,6.7
1987-12,6.8
1988-01,6.8
1988-02,6.6
1988-03,6.6
1988-04,6.9
1988-05,7.1
1988-06,7.5
1988-07,7.8
1988-08,8.0
1988-09,8.2
1988-10,8.3
1988-11,8.4
1988-12,8.8
1989-01,9.1
1989-02,9.4
1989-03,9.8
1989-04,9.8
1989-05,9.8
1989-06,9.5
1989-07,9.2
1989-08,9.0
1989-09,9.0
1989-10,8.8
1989-11,8.6
1989-12,8.4
1990-01,8.2
1990-02,8.2
1990-03,8.3
1990-04,8.3
1990-05,8.2
1990-06,8.3
1990-07,8.2
1990-08,8.1
1990-09,8.2
1990-10,8.1
1990-11,7.8
1990-12,7.3
1991-01,6.9
1991-02,6.2
1991-03,6.1
1991-04,5.9
1991-05,5.8
1991-06,5.9
1991-07,5.8
1991-08,5.7
1991-09,5.4
1991-10,5.2
1991-11,4.8
1991-12,4.4
1992-01,4.0
1992-02,4.1
1992-03,4.0
1992-04,3.7
1992-05,3.8
1992-06,3.8
1992-07,3.2
1992-08,3.3
1992-09,3.2
1992-10,3.1
1992-11,3.1
1992-12,2.9
1993-01,3.0
1993-02,3.0
1993-03,3.1
1993-04,3.0
1993-05,3.0
1993-06,3.0
1993-07,3.1
1993-08,3.0
1993-09,3.1
1993-10,3.0
1993-11,3.0
1993-12,3.0
1994-01,3.0
1994-02,3.2
1994-03,3.3
1994-04,3.6
1994-05,4.0
1994-06,4.2
1994-07,4.3
1994-08,4.5
1994-09,4.7
1994-10,4.8
1994-11,5.3
1994-12,5.4
1995-01,5.5
1995-02,5.9
1995-03,6.0
1995-04,6.0
1995-05,6.0
1995-06,6.0
1995-07,5.8
1995-08,5.7
1995-09,5.8
1995-10,5.8
1995-11,5.8
1995-12,5.6
1996-01,5.6
1996-02,5.2
1996-03,5.3
1996-04,5.2
1996-05,5.2
1996-06,5.3
1996-07,5.4
1996-08,5.2
1996-09,5.3
1996-10,5.2
1996-11,5.3
1996-12,5.3
1997-01,5.2
1997-02,5.2
1997-03,5.4
1997-04,5.5
1997-05,5.5
1997-06,5.6
1997-07,5.5
1997-08,5.5
1997-09,5.5
1997-10,5.5
1997-11,5.5
1997-12,5.5
1998-01,5.6
1998-02,5.5
1998-03,5.5
1998-04,5.4
1998-05,5.5
1998-06,5.6
1998-07,5.5
1998-08,5.6
1998-09,5.5
1998-10,5.1
1998-11,4.8
1998-12,4.7
1999-01,4.6
1999-02,4.8
1999-03,4.8
1999-04,4.7
1999-05,4.7
1999-06,4.8
1999-07,5.0
1999-08,5.1
1999-09,5.2
1999-10,5.2
1999-11,5.4
1999-12,5.3
2000-01,5.4
2000-02,5.7
2000-03,5.8
2000-04,6.0
2000-05,6.3
2000-06,6.5
2000-07,6.5
2000-08,6.5
2000-09,6.5
2000-10,6.5
2000-11,6.5
2000-12,6.4
2001-01,6.0
2001-02,5.5
2001-03,5.3
2001-04,4.8
2001-05,4.2
2001-06,4.0
2001-07,3.8
2001-08,3.6
2001-09,3.1
2001-10,2.5
2001-11,2.1
2001-12,1.8
2002-01,1.7
2002-02,1.7
2002-03,1.7
2002-04,1.8
2002-05,1.8
2002-06,1.8
2002-07,1.7
2002-08,1.7
2002-09,1.8
2002-10,1.8
2002-11,1.3
2002-12,1.2
2003-01,1.2
2003-02,1.3
2003-03,1.2
2003-04,1.3
2003-05,1.3
2003-06,1.2
2003-07,1.0
2003-08,1.0
2003-09,1.0
2003-10,1.0
2003-11,1.0
2003-12,1.0
2004-01,1.0
2004-02,1.0
2004-03,1.0
2004-04,1.0
2004-05,1.0
2004-06,1.0
2004-07,1.3
2004-08,1.4
2004-09,1.6
2004-10,1.8
2004-11,1.9
2004-12,2.2
2005-01,2.3
2005-02,2.5
2005-03,2.6
2005-04,2.8
2005-05,3.0
2005-06,3.0
2005-07,3.3
2005-08,3.5
2005-09,3.6
2005-10,3.8
2005-11,4.0
2005-12,4.2
2006-01,4.3
2006-02,4.5
2006-03,4.6
2006-04,4.8
2006-05,4.9
2006-06,5.0
2006-07,5.2
2006-08,5.2
2006-09,5.2
2006-10,5.2
2006-11,5.2
2006-12,5.2
2007-01,5.2
2007-02,5.3
2007-03,5.3
2007-04,5.2
2007-05,5.2
2007-06,5.2
2007-07,5.3
2007-08,5.0
2007-09,4.9
2007-10,4.8
2007-11,4.5
2007-12,4.2
2008-01,3.9
2008-02,3.0
2008-03,2.6
2008-04,2.3
2008-05,2.0
2008-06,2.0
2008-07,2.0
2008-08,2.0
2008-09,1.8
2008-10,1.0
2008-11,0.4
2008-12,0.2
2009-01,0.2
2009-02,0.2
2009-03,0.2
2009-04,0.2
2009-05,0.2
2009-06,0.2
2009-07,0.2
2009-08,0.2
2009-09,0.2
2009-10,0.1
2009-11,0.1
2009-12,0.1
2010-01,0.1
2010-02,0.1
2010-03,0.2
2010-04,0.2
2010-05,0.2
2010-06,0.2
2010-07,0.2
2010-08,0.2
2010-09,0.2
2010-10,0.2
2010-11,0.2
2010-12,0.2
2011-01,0.2
2011-02,0.2
2011-03,0.1
2011-04,0.1
2011-05,0.1
2011-06,0.1
2011-07,0.1
2011-08,0.1
2011-09,0.1
2011-10,0.1
2011-11,0.1
2011-12,0.1
2012-01,0.1
2012-02,0.1
2012-03,0.1
2012-04,0.1
2012-05,0.2
2012-06,0.2
2012-07,0.2
2012-08,0.1
2012-09,0.1
2012-10,0.2
2012-11,0.2
2012-12,0.2
2013-01,0.1
2013-02,0.2
2013-03,0.1
2013-04,0.2
2013-05,0.1
2013-06,0.1
2013-07,0.1
2013-08,0.1
2013-09,0.1
2013-10,0.1
2013-11,0.1
2013-12,0.1
2014-01,0.1
2014-02,0.1
2014-03,0.1
2014-04,0.1
2014-05,0.1
2014-06,0.1
2014-07,0.1
2014-08,0.1
2014-09,0.1
2014-10,0.1
2014-11,0.1
2014-12,0.1
2015-01,0.1
2015-02,0.1
2015-03,0.1
2015-04,0.1
2015-05,0.1
2015-06,0.1
2015-07,0.1
2015-08,0.1
2015-09,0.1
2015-10,0.1
2015-11,0.1
2015-12,0.2
2016-01,0.3
2016-02,0.4
2016-03,0.4
2016-04,0.4
2016-05,0.4
2016-06,0.4
2016-07,0.4
2016-08,0.4
2016-09,0.4
2016-10,0.4
2016-11,0.4
2016-12,0.5
2017-01,0.6
2017-02,0.7
2017-03,0.8
2017-04,0.9
2017-05,0.9
2017-06,1.0
2017-07,1.2
2017-08,1.2
2017-09,1.2
2017-10,1.2
2017-11,1.2
2017-12,1.3
2018-01,1.4
2018-02,1.4
2018-03,1.5
2018-04,1.7
2018-05,1.7
2018-06,1.8
2018-07,1.9
2018-08,1.9
2018-09,2.0
2018-10,2.2
2018-11,2.2
2018-12,2.3
2019-01,2.4
2019-02,2.4
2019-03,2.4
2019-04,2.4
2019-05,2.4
2019-06,2.4
2019-07,2.4
2019-08,2.1
2019-09,2.0
2019-10,1.8
2019-11,1.6
2019-12,1.6
2020-01,1.6
2020-02,1.6
2020-03,0.6
2020-04,0.0
2020-05,0.0
2020-06,0.1
2020-07,0.1
2020-08,0.1
2020-09,0.1
2020-10,0.1
2020-11,0.1
2020-12,0.1
2021-01,0.1
2021-02,0.1
2021-03,0.1
2021-04,0.1
2021-05,0.1
2021-06,0.1
2021-07,0.1
2021-08,0.1
2021-09,0.1
2021-10,0.1
2021-11,0.1
2021-12,0.1
2022-01,0.1
2022-02,0.1
2022-03,0.2
2022-04,0.3
2022-05,0.8
2022-06,1.2
2022-07,1.7
2022-08,2.3
2022-09,2.6
2022-10,3.1
2022-11,3.8
2022-12,4.1
2023-01,4.3
2023-02,4.6
2023-03,4.6
2023-04,4.8
2023-05,5.1
2023-06,5.1
2023-07,5.1
2023-08,5.3
2023-09,5.3
2023-10,5.3
2023-11,5.3
2023-12,5.3
2024-01,5.3
2024-02,5.3
2024-03,5.3
2024-04,5.3
2024-05,5.3
2024-06,5.3
2024-07,5.3
2024-08,5.3
2024-09,5.1
2024-10,4.8
2024-11,4.6
2024-12,4.5
2025-01,4.3
2025-02,4.3
2025-03,4.3
2025-04,4.3
2025-05,4.3
2025-06,4.3
2025-07,4.3
2025-08,4.3
2025-09,4.2
2025-10,4.1
2025-11,3.9
2025-12,3.7
2026-01,3.6
2026-02,3.6
2026-03,3.6
2026-04,3.6
2026-05,3.6
2026-06,3.6
2026-07,3.6