month,nasdaq_close
1971-02,101.0
1971-03,104.5
1971-04,109.6
1971-05,109.6
1971-06,108.6
1971-07,109.3
1971-08,106.5
1971-09,109.5
1971-10,108.4
1971-11,103.6
1971-12,109.8
1972-01,116.5
1972-02,122.7
1972-03,127.5
1972-04,131.8
1972-05,130.5
1972-06,131.0
1972-07,129.2
1972-08,130.6
1972-09,128.3
1972-10,128.4
1972-11,132.7
1972-12,133.3
1973-01,133.5
1973-02,124.5
1973-03,119.6
1973-04,113.0
1973-05,106.4
1973-06,101.8
1973-07,104.7
1973-08,104.4
1973-09,107.6
1973-10,112.4
1973-11,101.3
1973-12,90.8
1974-01,94.2
1974-02,92.2
1974-03,95.0
1974-04,89.6
1974-05,83.4
1974-06,81.0
1974-07,72.4
1974-08,66.6
1974-09,58.6
1974-10,60.6
1974-11,63.9
1974-12,59.2
1975-01,64.5
1975-02,72.1
1975-03,75.1
1975-04,77.0
1975-05,81.8
1975-06,84.6
1975-07,85.6
1975-08,78.4
1975-09,75.9
1975-10,77.3
1975-11,78.0
1975-12,75.9
1976-01,83.4
1976-02,89.3
1976-03,90.2
1976-04,90.1
1976-05,89.3
1976-06,88.8
1976-07,91.4
1976-08,90.9
1976-09,91.4
1976-10,89.5
1976-11,89.5
1976-12,94.6
1977-01,96.9
1977-02,96.1
1977-03,95.7
1977-04,95.0
1977-05,96.9
1977-06,97.9
1977-07,101.3
1977-08,100.6
1977-09,100.4
1977-10,99.2
1977-11,100.7
1977-12,103.7
1978-01,100.8
1978-02,102.4
1978-03,104.0
1978-04,110.8
1978-05,119.1
1978-06,122.0
1978-07,122.1
1978-08,132.5
1978-09,135.2
1978-10,127.7
1978-11,114.1
1978-12,117.2
1979-01,123.7
1979-02,124.5
1979-03,128.1
1979-04,133.4
1979-05,131.3
1979-06,135.6
1979-07,138.6
1979-08,146.7
1979-09,149.2
1979-10,140.5
1979-11,138.8
1979-12,148.7
1980-01,155.1
1980-02,161.6
1980-03,141.1
1980-04,136.3
1980-05,145.7
1980-06,155.4
1980-07,166.9
1980-08,177.7
1980-09,189.5
1980-10,195.8
1980-11,200.7
1980-12,198.4
1981-01,198.8
1981-02,194.9
1981-03,203.6
1981-04,215.1
1981-05,216.5
1981-06,220.0
1981-07,209.7
1981-08,206.6
1981-09,185.4
1981-10,190.2
1981-11,199.2
1981-12,197.1
1982-01,187.7
1982-02,182.6
1982-03,173.3
1982-04,181.8
1982-05,184.6
1982-06,172.1
1982-07,169.6
1982-08,167.4
1982-09,185.1
1982-10,203.9
1982-11,227.0
1982-12,233.0
1983-01,241.5
1983-02,256.1
1983-03,266.5
1983-04,279.5
1983-05,302.4
1983-06,319.3
1983-07,316.1
1983-08,296.9
1983-09,300.4
1983-10,286.7
1983-11,278.7
1983-12,278.7
1984-01,282.0
1984-02,254.4
1984-03,251.2
1984-04,245.2
1984-05,245.2
1984-06,238.5
1984-07,232.4
1984-08,250.3
1984-09,252.0
1984-10,247.2
1984-11,246.4
1984-12,241.9
1985-01,260.8
1985-02,285.5
1985-03,280.8
1985-04,280.9
1985-05,287.5
1985-06,290.4
1985-07,302.0
1985-08,298.2
1985-09,287.9
1985-10,285.4
1985-11,304.4
1985-12,320.2
1986-01,328.5
1986-02,348.8
1986-03,368.2
1986-04,382.5
1986-05,388.5
1986-06,398.6
1986-07,385.9
1986-08,375.6
1986-09,358.3
1986-10,355.0
1986-11,358.1
1986-12,354.9
1987-01,384.2
1987-02,411.7
1987-03,432.2
1987-04,422.8
1987-05,416.6
1987-06,423.7
1987-07,429.0
1987-08,448.4
1987-09,442.8
1987-10,385.1
1987-11,318.8
1987-12,314.5
1988-01,339.3
1988-02,353.6
1988-03,375.5
1988-04,377.2
1988-05,371.9
1988-06,386.0
1988-07,391.4
1988-08,379.6
1988-09,382.2
1988-10,385.0
1988-11,372.9
1988-12,375.8
1989-01,389.3
1989-02,404.1
1989-03,404.0
1989-04,417.1
1989-05,436.0
1989-06,447.6
1989-07,446.7
1989-08,461.8
1989-09,469.3
1989-10,469.7
1989-11,454.7
1989-12,449.0
1990-01,439.4
1990-02,424.5
1990-03,436.1
1990-04,429.0
1990-05,442.6
1990-06,462.3
1990-07,455.8
1990-08,396.3
1990-09,368.6
1990-10,338.0
1990-11,347.7
1990-12,370.2
1991-01,376.7
1991-02,442.6
1991-03,469.1
1991-04,496.3
1991-05,490.9
1991-06,490.4
1991-07,489.4
1991-08,513.3
1991-09,520.6
1991-10,528.9
1991-11,536.6
1991-12,544.1
1992-01,615.7
1992-02,632.0
1992-03,619.6
1992-04,582.8
1992-05,581.5
1992-06,566.7
1992-07,568.7
1992-08,569.0
1992-09,580.7
1992-10,585.0
1992-11,630.9
1992-12,661.3
1993-01,691.1
1993-02,681.7
1993-03,684.5
1993-04,665.3
1993-05,686.5
1993-06,695.4
1993-07,703.4
1993-08,725.1
1993-09,745.9
1993-10,771.3
1993-11,764.0
1993-12,762.9
1994-01,787.8
1994-02,787.8
1994-03,785.9
1994-04,732.3
1994-05,727.8
1994-06,723.2
1994-07,713.5
1994-08,738.9
1994-09,763.9
1994-10,762.5
1994-11,760.4
1994-12,735.0
1995-01,758.0
1995-02,784.2
1995-03,807.2
1995-04,825.3
1995-05,859.8
1995-06,906.0
1995-07,979.4
1995-08,1009.6
1995-09,1051.0
1995-10,1022.1
1995-11,1046.6
1995-12,1047.0
1996-01,1024.9
1996-02,1094.0
1996-03,1092.6
1996-04,1135.6
1996-05,1220.5
1996-06,1205.1
1996-07,1105.6
1996-08,1134.2
1996-09,1186.4
1996-10,1234.0
1996-11,1259.8
1996-12,1292.2
1997-01,1345.4
1997-02,1349.2
1997-03,1282.9
1997-04,1225.0
1997-05,1352.6
1997-06,1422.5
1997-07,1531.1
1997-08,1596.7
1997-09,1660.1
1997-10,1682.3
1997-11,1601.0
1997-12,1567.0
1998-01,1570.2
1998-02,1714.9
1998-03,1781.3
1998-04,1852.3
1998-05,1836.4
1998-06,1795.7
1998-07,1941.6
1998-08,1784.8
1998-09,1663.4
1998-10,1615.7
1998-11,1888.7
1998-12,2071.0
1999-01,2357.8
1999-02,2357.0
1999-03,2391.1
1999-04,2537.9
1999-05,2512.6
1999-06,2521.0
1999-07,2741.3
1999-08,2642.4
1999-09,2807.9
1999-10,2815.3
1999-11,3230.5
1999-12,3739.9
2000-01,4013.5
2000-02,4410.9
2000-03,4803.0
2000-04,3863.6
2000-05,3528.4
2000-06,3865.5
2000-07,4017.7
2000-08,3909.6
2000-09,3875.8
2000-10,3333.8
2000-11,3055.4
2000-12,2657.8
2001-01,2656.9
2001-02,2449.6
2001-03,1986.7
2001-04,1933.9
2001-05,2181.1
2001-06,2112.1
2001-07,2034.0
2001-08,1929.7
2001-09,1573.3
2001-10,1656.4
2001-11,1870.1
2001-12,1977.7
2002-01,1976.8
2002-02,1799.7
2002-03,1863.0
2002-04,1758.8
2002-05,1660.3
2002-06,1505.5
2002-07,1346.1
2002-08,1327.4
2002-09,1251.1
2002-10,1241.9
2002-11,1409.2
2002-12,1387.2
2003-01,1390.4
2003-02,1312.1
2003-03,1349.5
2003-04,1411.2
2003-05,1525.4
2003-06,1630.2
2003-07,1716.0
2003-08,1726.6
2003-09,1856.0
2003-10,1905.9
2003-11,1937.9
2003-12,1953.9
2004-01,2096.2
2004-02,2048.3
2004-03,1979.6
2004-04,2018.9
2004-05,1930.2
2004-06,2002.1
2004-07,1912.7
2004-08,1821.9
2004-09,1884.7
2004-10,1938.3
2004-11,2062.9
2004-12,2149.5
2005-01,2071.9
2005-02,2065.7
2005-03,2030.4
2005-04,1957.5
2005-05,2005.2
2005-06,2074.1
2005-07,2145.1
2005-08,2158.0
2005-09,2144.7
2005-10,2087.2
2005-11,2202.9
2005-12,2246.1
2006-01,2290.0
2006-02,2273.7
2006-03,2300.3
2006-04,2338.7
2006-05,2245.3
2006-06,2137.4
2006-07,2086.2
2006-08,2117.8
2006-09,2221.9
2006-10,2330.2
2006-11,2408.7
2006-12,2431.9
2007-01,2453.2
2007-02,2479.9
2007-03,2401.5
2007-04,2499.6
2007-05,2562.1
2007-06,2595.4
2007-07,2655.1
2007-08,2539.5
2007-09,2634.5
2007-10,2780.4
2007-11,2662.8
2007-12,2661.5
2008-01,2418.1
2008-02,2325.8
2008-03,2254.8
2008-04,2368.1
2008-05,2483.2
2008-06,2427.5
2008-07,2278.1
2008-08,2389.3
2008-09,2205.7
2008-10,1730.3
2008-11,1542.7
2008-12,1525.9
2009-01,1537.2
2009-02,1486.0
2009-03,1432.2
2009-04,1641.1
2009-05,1726.1
2009-06,1827.0
2009-07,1873.8
2009-08,1997.2
2009-09,2084.7
2009-10,2122.8
2009-11,2143.5
2009-12,2220.6
2010-01,2267.8
2010-02,2194.4
2010-03,2362.2
2010-04,2475.7
2010-05,2319.2
2010-06,2235.2
2010-07,2210.3
2010-08,2205.3
2010-09,2298.3
2010-10,2441.3
2010-11,2531.0
2010-12,2631.6
2011-01,2717.2
2011-02,2783.5
2011-03,2722.3
2011-04,2797.1
2011-05,2815.1
2011-06,2687.8
2011-07,2810.6
2011-08,2504.6
2011-09,2524.1
2011-10,2594.8
2011-11,2606.3
2011-12,2601.7
2012-01,2743.8
2012-02,2929.0
2012-03,3035.9
2012-04,3035.1
2012-05,2900.4
2012-06,2850.4
2012-07,2920.1
2012-08,3032.7
2012-09,3136.8
2012-10,3060.3
2012-11,2941.0
2012-12,3003.8
2013-01,3125.9
2013-02,3169.2
2013-03,3236.2
2013-04,3251.4
2013-05,3440.4
2013-06,3416.7
2013-07,3559.7
2013-08,3639.9
2013-09,3731.3
2013-10,3848.2
2013-11,3957.5
2013-12,4075.9
2014-01,4154.4
2014-02,4199.5
2014-03,4276.4
2014-04,4119.3
2014-05,4135.4
2014-06,4332.7
2014-07,4434.1
2014-08,4464.8
2014-09,4551.6
2014-10,4403.2
2014-11,4687.7
2014-12,4732.7
2015-01,4673.7
2015-02,4854.3
2015-03,4938.0
2015-04,4986.0
2015-05,5029.4
2015-06,5073.0
2015-07,5082.8
2015-08,4934.6
2015-09,4748.0
2015-10,4879.0
2015-11,5082.5
2015-12,5040.5
2016-01,4610.7
2016-02,4463.2
2016-03,4754.5
2016-04,4892.2
2016-05,4788.2
2016-06,4856.2
2016-07,5024.0
2016-08,5217.0
2016-09,5254.2
2016-10,5256.0
2016-11,5260.6
2016-12,5413.1
2017-01,5561.4
2017-02,5764.7
2017-03,5865.0
2017-04,5912.2
2017-05,6124.9
2017-06,6224.3
2017-07,6294.7
2017-08,6311.4
2017-09,6428.1
2017-10,6603.0
2017-11,6796.0
2017-12,6889.7
2018-01,7279.5
2018-02,7161.8
2018-03,7311.5
2018-04,7084.1
2018-05,7339.3
2018-06,7645.1
2018-07,7756.9
2018-08,7892.2
2018-09,7983.3
2018-10,7527.1
2018-11,7236.1
2018-12,6814.3
2019-01,6979.7
2019-02,7430.1
2019-03,7629.4
2019-04,7993.4
2019-05,7804.8
2019-06,7825.5
2019-07,8205.6
2019-08,7910.9
2019-09,8087.7
2019-10,8079.3
2019-11,8517.6
2019-12,8778.6
2020-01,9233.4
2020-02,9418.8
2020-03,7772.2
2020-04,8292.4
2020-05,9105.7
2020-06,9840.0
2020-07,10499.9
2020-08,11212.3
2020-09,11088.7
2020-10,11435.3
2020-11,11794.5
2020-12,12619.1
2021-01,13186.6
2021-02,13737.4
2021-03,13168.8
2021-04,13900.4
2021-05,13520.2
2021-06,14097.2
2021-07,14639.1
2021-08,14856.5
2021-09,15023.5
2021-10,14879.0
2021-11,15814.9
2021-12,15474.4
2022-01,14531.4
2022-02,13898.7
2022-03,13623.3
2022-04,13394.2
2022-05,11829.7
2022-06,11418.9
2022-07,11622.6
2022-08,12570.3
2022-09,11402.8
2022-10,10801.5
2022-11,10973.6
2022-12,10839.0
2023-01,11014.0
2023-02,11785.1
2023-03,11637.1
2023-04,12073.5
2023-05,12446.5
2023-06,13463.8
2023-07,14033.1
2023-08,13739.5
2023-09,13585.8
2023-10,13199.4
2023-11,13913.2
2023-12,14690.5
2024-01,15081.4
2024-02,15808.9
2024-03,16216.3
2024-04,15950.9
2024-05,16536.3
2024-06,17495.9
2024-07,17963.3
2024-08,17268.3
2024-09,17599.2
2024-10,18316.1
2024-11,18961.4
2024-12,19734.6
2025-01,19565.0
2025-02,19547.3
2025-03,17828.0
2025-04,16678.5
2025-05,18642.4
2025-06,19673.3
2025-07,20784.9
2025-08,21383.6
2025-09,22188.6
2025-10,23003.1
2025-11,23023.6
2025-12,23377.3
2026-01,23520.7
2026-02,22892.9
2026-03,22130.0
2026-04,23677.1
2026-05,26155.8
2026-06,26074.8
2026-07,25924.0
