month,usd_cny
1981-01,1.55
1981-02,1.61
1981-03,1.63
1981-04,1.67
1981-05,1.73
1981-06,1.76
1981-07,1.76
1981-08,1.8
1981-09,1.75
1981-10,1.76
1981-11,1.74
1981-12,1.74
1982-01,1.77
1982-02,1.82
1982-03,1.84
1982-04,1.86
1982-05,1.81
1982-06,1.9
1982-07,1.93
1982-08,1.94
1982-09,1.96
1982-10,1.99
1982-11,2.0
1982-12,1.94
1983-01,1.92
1983-02,1.97
1983-03,1.98
1983-04,1.99
1983-05,1.99
1983-06,1.99
1983-07,2.0
1983-08,1.98
1983-09,1.99
1983-10,1.97
1983-11,1.99
1983-12,1.99
1984-01,2.05
1984-02,2.06
1984-03,2.06
1984-04,2.09
1984-05,2.19
1984-06,2.22
1984-07,2.3
1984-08,2.37
1984-09,2.55
1984-10,2.65
1984-11,2.68
1984-12,2.8
1985-01,2.82
1985-02,2.83
1985-03,2.85
1985-04,2.85
1985-05,2.86
1985-06,2.87
1985-07,2.88
1985-08,2.91
1985-09,2.97
1985-10,3.08
1985-11,3.21
1985-12,3.21
1986-01,3.21
1986-02,3.22
1986-03,3.22
1986-04,3.21
1986-05,3.2
1986-06,3.21
1986-07,3.64
1986-08,3.71
1986-09,3.72
1986-10,3.73
1986-11,3.73
1986-12,3.73
1987-01,3.73
1987-02,3.73
1987-03,3.73
1987-04,3.73
1987-05,3.73
1987-06,3.73
1987-07,3.73
1987-08,3.73
1987-09,3.73
1987-10,3.73
1987-11,3.73
1987-12,3.73
1988-01,3.73
1988-02,3.73
1988-03,3.73
1988-04,3.73
1988-05,3.73
1988-06,3.73
1988-07,3.73
1988-08,3.73
1988-09,3.73
1988-10,3.73
1988-11,3.73
1988-12,3.73
1989-01,3.73
1989-02,3.73
1989-03,3.73
1989-04,3.73
1989-05,3.73
1989-06,3.73
1989-07,3.73
1989-08,3.73
1989-09,3.73
1989-10,3.73
1989-11,3.73
1989-12,4.18
1990-01,4.73
1990-02,4.73
1990-03,4.73
1990-04,4.73
1990-05,4.73
1990-06,4.73
1990-07,4.73
1990-08,4.73
1990-09,4.73
1990-10,4.73
1990-11,4.97
1990-12,5.24
1991-01,5.24
1991-02,5.24
1991-03,5.24
1991-04,5.28
1991-05,5.33
1991-06,5.37
1991-07,5.37
1991-08,5.37
1991-09,5.39
1991-10,5.39
1991-11,5.4
1991-12,5.42
1992-01,5.46
1992-02,5.48
1992-03,5.49
1992-04,5.51
1992-05,5.52
1992-06,5.49
1992-07,5.46
1992-08,5.44
1992-09,5.5
1992-10,5.55
1992-11,5.61
1992-12,5.81
1993-01,5.78
1993-02,5.79
1993-03,5.75
1993-04,5.72
1993-05,5.74
1993-06,5.75
1993-07,5.78
1993-08,5.79
1993-09,5.8
1993-10,5.8
1993-11,5.81
1993-12,5.82
1994-01,8.72
1994-02,8.72
1994-03,8.72
1994-04,8.73
1994-05,8.69
1994-06,8.68
1994-07,8.66
1994-08,8.61
1994-09,8.56
1994-10,8.55
1994-11,8.54
1994-12,8.5
1995-01,8.46
1995-02,8.46
1995-03,8.45
1995-04,8.44
1995-05,8.34
1995-06,8.32
1995-07,8.32
1995-08,8.33
1995-09,8.34
1995-10,8.34
1995-11,8.33
1995-12,8.34
1996-01,8.34
1996-02,8.33
1996-03,8.35
1996-04,8.35
1996-05,8.35
1996-06,8.34
1996-07,8.34
1996-08,8.34
1996-09,8.33
1996-10,8.33
1996-11,8.33
1996-12,8.33
1997-01,8.33
1997-02,8.32
1997-03,8.33
1997-04,8.33
1997-05,8.32
1997-06,8.32
1997-07,8.32
1997-08,8.32
1997-09,8.32
1997-10,8.31
1997-11,8.31
1997-12,8.31
1998-01,8.31
1998-02,8.31
1998-03,8.31
1998-04,8.31
1998-05,8.31
1998-06,8.31
1998-07,8.31
1998-08,8.31
1998-09,8.31
1998-10,8.28
1998-11,8.28
1998-12,8.28
1999-01,8.28
1999-02,8.28
1999-03,8.28
1999-04,8.28
1999-05,8.28
1999-06,8.28
1999-07,8.28
1999-08,8.28
1999-09,8.28
1999-10,8.28
1999-11,8.28
1999-12,8.28
2000-01,8.28
2000-02,8.28
2000-03,8.28
2000-04,8.28
2000-05,8.28
2000-06,8.28
2000-07,8.28
2000-08,8.28
2000-09,8.28
2000-10,8.28
2000-11,8.28
2000-12,8.28
2001-01,8.28
2001-02,8.28
2001-03,8.28
2001-04,8.28
2001-05,8.28
2001-06,8.28
2001-07,8.28
2001-08,8.28
2001-09,8.28
2001-10,8.28
2001-11,8.28
2001-12,8.28
2002-01,8.28
2002-02,8.28
2002-03,8.28
2002-04,8.28
2002-05,8.28
2002-06,8.28
2002-07,8.28
2002-08,8.28
2002-09,8.28
2002-10,8.28
2002-11,8.28
2002-12,8.28
2003-01,8.28
2003-02,8.28
2003-03,8.28
2003-04,8.28
2003-05,8.28
2003-06,8.28
2003-07,8.28
2003-08,8.28
2003-09,8.28
2003-10,8.28
2003-11,8.28
2003-12,8.28
2004-01,8.28
2004-02,8.28
2004-03,8.28
2004-04,8.28
2004-05,8.28
2004-06,8.28
2004-07,8.28
2004-08,8.28
2004-09,8.28
2004-10,8.28
2004-11,8.28
2004-12,8.28
2005-01,8.28
2005-02,8.28
2005-03,8.28
2005-04,8.28
2005-05,8.28
2005-06,8.28
2005-07,8.23
2005-08,8.1
2005-09,8.09
2005-10,8.09
2005-11,8.08
2005-12,8.08
2006-01,8.07
2006-02,8.05
2006-03,8.04
2006-04,8.01
2006-05,8.01
2006-06,8.0
2006-07,7.99
2006-08,7.97
2006-09,7.93
2006-10,7.9
2006-11,7.86
2006-12,7.82
2007-01,7.79
2007-02,7.75
2007-03,7.74
2007-04,7.72
2007-05,7.68
2007-06,7.63
2007-07,7.58
2007-08,7.57
2007-09,7.52
2007-10,7.5
2007-11,7.42
2007-12,7.37
2008-01,7.24
2008-02,7.16
2008-03,7.07
2008-04,7.0
2008-05,6.97
2008-06,6.9
2008-07,6.84
2008-08,6.85
2008-09,6.83
2008-10,6.84
2008-11,6.83
2008-12,6.85
2009-01,6.84
2009-02,6.84
2009-03,6.84
2009-04,6.83
2009-05,6.82
2009-06,6.83
2009-07,6.83
2009-08,6.83
2009-09,6.83
2009-10,6.83
2009-11,6.83
2009-12,6.83
2010-01,6.83
2010-02,6.83
2010-03,6.83
2010-04,6.83
2010-05,6.83
2010-06,6.82
2010-07,6.78
2010-08,6.79
2010-09,6.74
2010-10,6.67
2010-11,6.65
2010-12,6.65
2011-01,6.6
2011-02,6.58
2011-03,6.56
2011-04,6.53
2011-05,6.5
2011-06,6.47
2011-07,6.46
2011-08,6.4
2011-09,6.39
2011-10,6.37
2011-11,6.36
2011-12,6.35
2012-01,6.32
2012-02,6.3
2012-03,6.31
2012-04,6.3
2012-05,6.32
2012-06,6.36
2012-07,6.37
2012-08,6.36
2012-09,6.32
2012-10,6.26
2012-11,6.23
2012-12,6.23
2013-01,6.22
2013-02,6.23
2013-03,6.22
2013-04,6.19
2013-05,6.14
2013-06,6.13
2013-07,6.13
2013-08,6.12
2013-09,6.12
2013-10,6.1
2013-11,6.09
2013-12,6.07
2014-01,6.05
2014-02,6.08
2014-03,6.17
2014-04,6.22
2014-05,6.24
2014-06,6.23
2014-07,6.2
2014-08,6.15
2014-09,6.14
2014-10,6.13
2014-11,6.12
2014-12,6.19
2015-01,6.22
2015-02,6.25
2015-03,6.24
2015-04,6.2
2015-05,6.2
2015-06,6.21
2015-07,6.21
2015-08,6.34
2015-09,6.37
2015-10,6.35
2015-11,6.36
2015-12,6.45
2016-01,6.57
2016-02,6.55
2016-03,6.5
2016-04,6.48
2016-05,6.53
2016-06,6.59
2016-07,6.68
2016-08,6.65
2016-09,6.67
2016-10,6.73
2016-11,6.84
2016-12,6.92
2017-01,6.89
2017-02,6.87
2017-03,6.89
2017-04,6.89
2017-05,6.88
2017-06,6.81
2017-07,6.77
2017-08,6.67
2017-09,6.57
2017-10,6.63
2017-11,6.62
2017-12,6.59
2018-01,6.42
2018-02,6.32
2018-03,6.32
2018-04,6.3
2018-05,6.37
2018-06,6.47
2018-07,6.72
2018-08,6.85
2018-09,6.86
2018-10,6.92
2018-11,6.94
2018-12,6.88
2019-01,6.79
2019-02,6.74
2019-03,6.71
2019-04,6.72
2019-05,6.85
2019-06,6.9
2019-07,6.88
2019-08,7.06
2019-09,7.11
2019-10,7.1
2019-11,7.02
2019-12,7.01
2020-01,6.92
2020-02,7.0
2020-03,7.02
2020-04,7.07
2020-05,7.1
2020-06,7.08
2020-07,7.0
2020-08,6.93
2020-09,6.81
2020-10,6.73
2020-11,6.6
2020-12,6.54
2021-01,6.47
2021-02,6.46
2021-03,6.51
2021-04,6.52
2021-05,6.43
2021-06,6.43
2021-07,6.48
2021-08,6.48
2021-09,6.46
2021-10,6.42
2021-11,6.39
2021-12,6.37
2022-01,6.36
2022-02,6.34
2022-03,6.34
2022-04,6.43
2022-05,6.7
2022-06,6.7
2022-07,6.74
2022-08,6.8
2022-09,7.02
2022-10,7.19
2022-11,7.18
2022-12,6.97
2023-01,6.79
2023-02,6.84
2023-03,6.89
2023-04,6.89
2023-05,6.99
2023-06,7.16
2023-07,7.19
2023-08,7.25
2023-09,7.3
2023-10,7.31
2023-11,7.22
2023-12,7.14
2024-01,7.17
2024-02,7.19
2024-03,7.2
2024-04,7.24
2024-05,7.23
2024-06,7.25
2024-07,7.26
2024-08,7.15
2024-09,7.08
2024-10,7.09
2024-11,7.21
2024-12,7.28
2025-01,7.3
2025-02,7.27
2025-03,7.25
2025-04,7.3
2025-05,7.22
2025-06,7.18
2025-07,7.17
2025-08,7.17
2025-09,7.12
2025-10,7.12
2025-11,7.11
2025-12,7.04
2026-01,6.97
2026-02,6.91
2026-03,6.89
2026-04,6.84
2026-05,6.8
2026-06,6.78
2026-07,6.78
