date,open,high,low,close,month
1986-01-31,124.18,125.21,121.03,121.52,1986-01
1986-02-28,121.78,123.26,113.45,115.08,1986-02
1986-03-31,114.94,118.71,113.66,117.92,1986-03
1986-04-30,117.78,121.16,110.76,111.77,1986-04
1986-05-31,112.28,117.65,110.35,117.51,1986-05
1986-06-30,117.83,118.03,111.34,111.61,1986-06
1986-07-31,111.26,112.09,107.98,108.04,1986-07
1986-08-31,107.85,108.72,106.31,106.43,1986-08
1986-09-30,106.33,108.98,104.92,106.74,1986-09
1986-10-31,106.83,109.77,104.99,109.27,1986-10
1986-11-30,109.67,109.69,105.91,105.92,1986-11
1986-12-31,105.53,107.94,103.55,103.58,1986-12
1987-01-31,103.4,104.35,97.19,99.86,1987-01
1987-02-28,99.29,101.21,97.87,99.26,1987-02
1987-03-31,99.17,100.44,96.81,97.11,1987-03
1987-04-30,97.73,98.44,95.25,95.94,1987-04
1987-05-31,95.83,97.91,94.75,97.77,1987-05
1987-06-30,98.3,99.06,96.0,98.13,1987-06
1987-07-31,98.03,100.23,97.97,99.79,1987-07
1987-08-31,99.77,101.74,96.95,97.32,1987-08
1987-09-30,97.04,98.69,95.97,98.57,1987-09
1987-10-31,98.63,98.81,93.26,93.65,1987-10
1987-11-30,93.24,93.36,89.03,89.15,1987-11
1987-12-31,89.99,90.79,85.33,85.42,1987-12
1988-01-31,85.9,90.81,85.87,90.34,1988-01
1988-02-29,90.88,92.04,90.3,90.53,1988-02
1988-03-31,90.55,90.96,88.16,88.3,1988-03
1988-04-30,88.37,90.12,87.87,89.16,1988-04
1988-05-31,89.3,91.12,88.94,91.09,1988-05
1988-06-30,90.86,96.09,90.49,95.41,1988-06
1988-07-31,95.94,98.6,95.07,97.53,1988-07
1988-08-31,97.42,99.61,96.86,98.42,1988-08
1988-09-30,98.55,98.83,96.83,97.69,1988-09
1988-10-31,97.65,97.65,92.82,93.76,1988-10
1988-11-30,93.69,93.96,90.05,90.53,1988-11
1988-12-31,90.5,93.66,90.04,92.5,1988-12
1989-01-31,91.93,96.84,91.77,96.77,1989-01
1989-02-28,96.68,97.17,94.39,94.9,1989-02
1989-03-31,95.64,98.53,95.57,98.14,1989-03
1989-04-30,98.01,98.04,96.11,97.71,1989-04
1989-05-31,98.06,104.28,97.89,102.98,1989-05
1989-06-30,103.08,106.56,100.66,102.02,1989-06
1989-07-31,101.21,101.24,97.29,97.39,1989-07
1989-08-31,97.46,102.46,96.76,102.28,1989-08
1989-09-30,102.43,104.19,98.06,98.47,1989-09
1989-10-31,98.68,101.31,97.49,98.07,1989-10
1989-11-30,98.16,99.06,96.13,96.27,1989-11
1989-12-31,96.52,96.65,92.6,93.21,1989-12
1990-01-31,93.13,94.54,91.89,92.41,1990-01
1990-02-28,92.32,93.45,91.26,93.29,1990-02
1990-03-31,93.67,94.72,93.23,93.69,1990-03
1990-04-30,94.28,94.32,92.71,93.07,1990-04
1990-05-31,93.23,93.3,90.66,92.98,1990-05
1990-06-30,92.86,93.36,91.16,91.19,1990-06
1990-07-31,90.75,90.75,87.2,87.27,1990-07
1990-08-31,87.44,88.79,84.96,86.57,1990-08
1990-09-30,86.61,87.32,84.93,85.94,1990-09
1990-10-31,85.16,85.5,81.96,83.29,1990-10
1990-11-30,83.51,83.62,81.27,82.92,1990-11
1990-12-31,83.52,85.06,81.73,83.12,1990-12
1991-01-31,82.93,85.22,81.91,82.02,1991-01
1991-02-28,82.18,84.23,80.34,84.11,1991-02
1991-03-31,84.71,92.48,84.23,91.99,1991-03
1991-04-30,91.32,94.47,89.29,91.58,1991-04
1991-05-31,91.17,93.58,90.74,93.13,1991-05
1991-06-30,93.73,96.75,93.02,96.01,1991-06
1991-07-31,96.07,97.32,92.89,93.49,1991-07
1991-08-31,93.62,96.59,91.85,93.5,1991-08
1991-09-30,93.18,93.31,89.65,89.94,1991-09
1991-10-31,90.01,92.03,89.39,89.93,1991-10
1991-11-30,89.72,89.73,86.26,88.19,1991-11
1991-12-31,87.54,87.87,83.21,83.53,1991-12
1992-01-31,83.35,88.68,82.79,87.41,1992-01
1992-02-29,87.14,89.92,85.21,89.01,1992-02
1992-03-31,89.1,91.53,88.7,89.66,1992-03
1992-04-30,89.62,90.78,88.43,89.54,1992-04
1992-05-31,89.54,89.6,86.58,87.31,1992-05
1992-06-30,87.27,87.71,83.24,83.71,1992-06
1992-07-31,83.72,83.75,80.58,81.9,1992-07
1992-08-31,81.94,82.51,78.67,78.81,1992-08
1992-09-30,78.84,85.38,78.21,81.08,1992-09
1992-10-31,81.05,87.93,81.05,87.65,1992-10
1992-11-30,87.71,91.31,87.71,90.75,1992-11
1992-12-31,90.89,92.52,88.69,92.36,1992-12
1993-01-31,92.39,93.74,90.09,92.45,1993-01
1993-02-28,92.47,94.86,92.47,93.95,1993-02
1993-03-31,94.17,94.67,91.79,91.93,1993-03
1993-04-30,91.96,92.1,88.37,89.49,1993-04
1993-05-31,89.49,91.32,88.53,88.94,1993-05
1993-06-30,89.1,94.32,88.85,93.65,1993-06
1993-07-31,93.65,95.62,92.82,95.49,1993-07
1993-08-31,95.48,95.64,93.12,93.96,1993-08
1993-09-30,93.96,93.96,90.29,92.78,1993-09
1993-10-31,92.8,95.35,91.21,95.17,1993-10
1993-11-30,95.19,96.38,94.41,96.19,1993-11
1993-12-31,96.21,96.85,94.76,96.79,1993-12
1994-01-31,96.76,97.03,95.15,95.52,1994-01
1994-02-28,95.46,97.1,94.34,94.58,1994-02
1994-03-31,94.61,95.35,92.85,93.38,1994-03
1994-04-30,93.38,95.33,91.71,92.15,1994-04
1994-05-31,92.57,93.72,91.58,92.47,1994-05
1994-06-30,92.47,93.51,89.19,89.57,1994-06
1994-07-31,89.55,90.44,86.65,89.77,1994-07
1994-08-31,89.39,90.31,87.44,89.71,1994-08
1994-09-30,89.71,89.71,87.14,87.9,1994-09
1994-10-31,87.72,88.37,84.91,85.59,1994-10
1994-11-30,85.54,89.28,85.2,89.04,1994-11
1994-12-31,89.02,90.18,88.46,88.73,1994-12
1995-01-31,89.23,89.63,86.95,87.95,1995-01
1995-02-28,87.93,88.49,85.69,85.86,1995-02
1995-03-31,85.87,86.08,81.47,81.77,1995-03
1995-04-30,81.87,83.03,80.22,81.74,1995-04
1995-05-31,81.87,84.85,80.54,82.71,1995-05
1995-06-30,82.71,83.33,81.35,81.5,1995-06
1995-07-31,81.55,82.52,81.22,81.67,1995-07
1995-08-31,81.67,86.6,81.03,85.58,1995-08
1995-09-30,85.58,87.37,83.5,84.18,1995-09
1995-10-31,84.31,84.84,82.99,83.69,1995-10
1995-11-30,83.67,85.38,83.34,85.17,1995-11
1995-12-31,85.17,85.59,84.4,84.82,1995-12
1996-01-31,84.78,87.72,84.48,87.28,1996-01
1996-02-29,87.25,87.56,85.26,86.26,1996-02
1996-03-31,86.25,87.12,86.07,86.47,1996-03
1996-04-30,86.58,88.3,86.27,88.05,1996-04
1996-05-31,88.05,89.05,87.38,87.74,1996-05
1996-06-30,87.78,88.56,87.35,87.9,1996-06
1996-07-31,87.87,88.29,85.69,85.95,1996-07
1996-08-31,85.91,86.96,85.81,86.42,1996-08
1996-09-30,86.65,88.1,86.32,87.89,1996-09
1996-10-31,87.88,88.53,86.93,87.42,1996-10
1996-11-30,87.41,87.96,86.06,87.95,1996-11
1996-12-31,87.95,89.14,87.76,88.22,1996-12
1997-01-31,88.4,93.47,88.24,92.97,1997-01
1997-02-28,93.04,95.74,92.95,94.95,1997-02
1997-03-31,94.98,96.32,94.18,94.75,1997-03
1997-04-30,94.73,97.41,94.01,97.24,1997-04
1997-05-31,97.23,97.28,93.07,94.89,1997-05
1997-06-30,95.06,96.22,94.5,95.65,1997-06
1997-07-31,95.66,100.0,95.21,99.57,1997-07
1997-08-31,99.59,101.7,97.96,98.96,1997-08
1997-09-30,99.21,100.09,96.92,97.11,1997-09
1997-10-31,97.19,98.15,94.83,95.59,1997-10
1997-11-30,95.57,97.84,94.82,97.74,1997-11
1997-12-31,97.69,99.73,97.69,99.7,1997-12
1998-01-31,99.91,101.62,98.07,100.74,1998-01
1998-02-28,100.78,100.81,98.51,99.84,1998-02
1998-03-31,99.72,101.69,99.29,101.51,1998-03
1998-04-30,101.53,102.11,99.1,99.73,1998-04
1998-05-31,99.74,100.66,98.61,100.49,1998-05
1998-06-30,100.25,102.35,99.43,101.08,1998-06
1998-07-31,101.02,102.62,100.23,101.14,1998-07
1998-08-31,101.72,102.71,99.47,99.47,1998-08
1998-09-30,99.72,99.77,95.41,96.07,1998-09
1998-10-31,96.12,96.12,91.51,93.67,1998-10
1998-11-30,93.53,96.92,93.31,96.13,1998-11
1998-12-31,96.12,96.12,93.29,94.1,1998-12
1999-01-31,93.89,96.24,93.05,96.06,1999-01
1999-02-28,95.9,99.48,95.57,98.68,1999-02
1999-03-31,98.89,100.69,98.19,99.98,1999-03
1999-04-30,100.02,101.36,99.43,101.03,1999-04
1999-05-31,100.96,102.54,99.41,102.34,1999-05
1999-06-30,102.34,103.49,101.01,102.76,1999-06
1999-07-31,102.71,104.88,99.64,99.77,1999-07
1999-08-31,99.97,101.44,98.88,100.08,1999-08
1999-09-30,100.04,101.07,98.33,98.47,1999-09
1999-10-31,98.52,99.77,96.94,99.13,1999-10
1999-11-30,98.98,102.32,98.87,102.01,1999-11
1999-12-31,101.98,102.77,100.64,101.86,1999-12
2000-01-31,100.39,105.28,99.85,104.97,2000-01
2000-02-29,104.98,106.22,102.98,106.19,2000-02
2000-03-31,106.22,106.61,104.53,105.48,2000-03
2000-04-30,105.61,110.21,104.23,109.93,2000-04
2000-05-31,109.9,112.66,108.41,108.65,2000-05
2000-06-30,108.65,109.16,105.71,107.0,2000-06
2000-07-31,107.05,109.92,106.81,109.59,2000-07
2000-08-31,109.5,112.93,109.35,112.53,2000-08
2000-09-30,112.36,116.75,111.25,113.03,2000-09
2000-10-31,113.14,118.99,113.14,116.67,2000-10
2000-11-30,116.6,118.68,114.11,115.21,2000-11
2000-12-31,115.21,115.44,109.25,109.31,2000-12
2001-01-31,109.33,112.37,108.32,110.26,2001-01
2001-02-28,110.3,113.62,109.4,112.15,2001-02
2001-03-31,112.04,117.64,110.9,117.64,2001-03
2001-04-30,117.7,117.7,114.19,115.75,2001-04
2001-05-31,115.71,119.29,114.27,119.11,2001-05
2001-06-30,119.11,120.33,117.47,119.47,2001-06
2001-07-31,119.39,120.99,116.49,117.1,2001-07
2001-08-31,117.07,117.07,112.43,113.23,2001-08
2001-09-30,114.32,115.99,111.41,113.41,2001-09
2001-10-31,113.69,116.22,112.51,114.88,2001-10
2001-11-30,114.71,117.8,113.66,115.54,2001-11
2001-12-31,115.61,118.26,114.77,117.14,2001-12
2002-01-31,116.4,120.51,115.55,120.28,2002-01
2002-02-28,120.21,120.21,118.13,119.11,2002-02
2002-03-31,119.29,119.61,116.76,118.66,2002-03
2002-04-30,118.56,118.58,114.79,115.22,2002-04
2002-05-31,115.18,115.25,110.88,111.71,2002-05
2002-06-30,111.93,111.99,105.57,106.15,2002-06
2002-07-31,105.76,107.81,103.54,107.41,2002-07
2002-08-31,107.61,109.0,106.18,106.98,2002-08
2002-09-30,106.43,109.77,105.41,106.87,2002-09
2002-10-31,106.74,108.74,106.47,106.64,2002-10
2002-11-30,106.55,106.97,104.12,106.38,2002-11
2002-12-31,106.57,107.31,101.8,101.85,2002-12
2003-01-31,102.36,103.2,98.76,99.91,2003-01
2003-02-28,100.26,100.89,98.65,99.71,2003-02
2003-03-31,99.74,102.15,97.57,99.06,2003-03
2003-04-30,98.86,101.81,97.1,97.19,2003-04
2003-05-31,97.18,97.25,92.21,93.27,2003-05
2003-06-30,93.73,95.34,91.88,94.73,2003-06
2003-07-31,94.54,97.45,93.96,96.89,2003-07
2003-08-31,96.87,99.49,95.56,98.1,2003-08
2003-09-30,97.95,99.37,92.1,92.85,2003-09
2003-10-31,92.73,93.42,91.01,92.73,2003-10
2003-11-30,92.64,94.13,90.04,90.21,2003-11
2003-12-31,90.16,90.54,86.36,86.92,2003-12
2004-01-31,86.77,88.07,84.8,87.2,2004-01
2004-02-29,87.14,88.02,84.56,87.31,2004-02
2004-03-31,87.46,89.84,87.36,87.61,2004-03
2004-04-30,87.57,91.5,87.02,90.48,2004-04
2004-05-31,90.63,92.29,88.47,88.95,2004-05
2004-06-30,88.64,90.42,88.04,88.8,2004-06
2004-07-31,88.84,90.29,87.0,89.96,2004-07
2004-08-31,89.71,90.19,87.66,88.94,2004-08
2004-09-30,88.91,89.75,87.34,87.36,2004-09
2004-10-31,87.41,88.64,84.73,84.91,2004-10
2004-11-30,84.7,85.66,81.53,81.82,2004-11
2004-12-31,81.81,83.18,80.42,80.85,2004-12
2005-01-31,81.05,84.08,80.77,83.6,2005-01
2005-02-28,83.49,85.44,82.3,82.51,2005-02
2005-03-31,82.65,84.74,81.28,84.06,2005-03
2005-04-30,84.07,85.32,83.36,84.43,2005-04
2005-05-31,84.46,87.82,83.75,87.76,2005-05
2005-06-30,87.74,89.55,87.15,89.11,2005-06
2005-07-31,89.17,90.77,88.28,89.35,2005-07
2005-08-31,89.41,89.44,86.76,87.58,2005-08
2005-09-30,87.59,89.82,86.02,89.52,2005-09
2005-10-31,89.51,90.74,88.53,90.07,2005-10
2005-11-30,90.12,92.63,89.62,91.57,2005-11
2005-12-31,91.54,92.32,89.52,91.17,2005-12
2006-01-31,90.75,90.94,87.83,88.96,2006-01
2006-02-28,88.96,91.02,88.84,90.11,2006-02
2006-03-31,90.08,91.16,88.85,89.73,2006-03
2006-04-30,89.74,90.4,85.95,86.11,2006-04
2006-05-31,85.93,86.36,83.6,84.72,2006-05
2006-06-30,84.68,87.05,83.72,85.22,2006-06
2006-07-31,85.2,87.33,84.61,85.3,2006-07
2006-08-31,85.28,85.75,84.39,85.05,2006-08
2006-09-30,85.09,86.22,84.67,85.97,2006-09
2006-10-31,86.01,87.3,85.21,85.32,2006-10
2006-11-30,85.29,85.93,82.79,82.92,2006-11
2006-12-31,82.91,84.22,82.24,83.72,2006-12
2007-01-31,83.46,85.43,83.17,84.61,2007-01
2007-02-28,84.65,85.21,83.36,83.57,2007-02
2007-03-31,83.62,84.38,82.64,82.93,2007-03
2007-04-30,82.91,83.21,81.26,81.44,2007-04
2007-05-31,81.42,82.6,81.25,82.3,2007-05
2007-06-30,82.31,83.27,81.7,81.92,2007-06
2007-07-31,81.86,81.96,80.01,80.77,2007-07
2007-08-31,80.89,82.13,79.95,80.79,2007-08
2007-09-30,80.82,81.14,77.72,77.72,2007-09
2007-10-31,77.67,78.87,76.46,76.52,2007-10
2007-11-30,76.61,76.82,74.48,76.14,2007-11
2007-12-31,75.93,77.85,75.59,76.69,2007-12
2008-01-31,76.54,77.34,74.97,75.21,2008-01
2008-02-29,75.19,77.04,73.56,73.71,2008-02
2008-03-31,73.74,73.94,70.69,71.8,2008-03
2008-04-30,71.86,73.11,71.01,72.5,2008-04
2008-05-31,72.56,73.89,71.82,72.87,2008-05
2008-06-30,72.87,74.31,72.04,72.46,2008-06
2008-07-31,72.46,73.53,71.31,73.22,2008-07
2008-08-31,73.22,77.61,73.19,77.38,2008-08
2008-09-30,77.74,80.37,75.89,79.44,2008-09
2008-10-31,79.2,87.88,78.94,85.63,2008-10
2008-11-30,85.81,88.46,83.9,86.51,2008-11
2008-12-31,86.42,87.7,77.68,81.15,2008-12
2009-01-31,81.18,86.81,80.85,85.83,2009-01
2009-02-28,86.07,88.49,84.46,88.11,2009-02
2009-03-31,88.61,89.62,82.63,85.55,2009-03
2009-04-30,85.54,86.87,83.73,84.73,2009-04
2009-05-31,84.73,84.87,79.18,79.23,2009-05
2009-06-30,79.19,81.47,78.33,80.12,2009-06
2009-07-31,80.12,80.89,78.22,78.31,2009-07
2009-08-31,78.2,79.51,77.43,78.13,2009-08
2009-09-30,78.13,78.94,75.83,76.66,2009-09
2009-10-31,76.66,77.47,74.94,76.39,2009-10
2009-11-30,76.31,76.82,74.17,74.71,2009-11
2009-12-31,74.71,78.45,74.27,77.92,2009-12
2010-01-31,77.92,79.5,76.6,79.48,2010-01
2010-02-28,79.46,81.37,78.68,80.35,2010-02
2010-03-31,80.35,82.24,79.51,81.0,2010-03
2010-04-30,81.0,82.71,80.03,81.89,2010-04
2010-05-31,81.67,87.46,81.63,86.68,2010-05
2010-06-30,86.68,88.71,85.01,86.09,2010-06
2010-07-31,86.09,86.26,81.46,81.59,2010-07
2010-08-31,81.54,83.56,80.08,83.13,2010-08
2010-09-30,83.07,83.22,78.41,78.76,2010-09
2010-10-31,78.81,78.83,76.14,77.05,2010-10
2010-11-30,76.93,81.44,75.63,81.34,2010-11
2010-12-31,81.27,81.36,78.78,79.05,2010-12
2011-01-31,79.11,81.31,77.54,77.77,2011-01
2011-02-28,77.61,78.87,76.76,76.91,2011-02
2011-03-31,76.86,77.38,75.25,76.01,2011-03
2011-04-30,76.05,76.61,72.83,73.03,2011-04
2011-05-31,73.12,76.37,72.7,74.65,2011-05
2011-06-30,74.43,76.02,73.51,74.36,2011-06
2011-07-31,74.45,76.72,73.42,73.74,2011-07
2011-08-31,73.89,75.45,73.45,74.12,2011-08
2011-09-30,74.17,78.86,74.15,78.8,2011-09
2011-10-31,78.92,79.84,74.72,76.52,2011-10
2011-11-30,76.56,79.7,76.45,78.37,2011-11
2011-12-31,78.36,80.85,77.97,80.25,2011-12
2012-01-31,80.32,81.78,78.74,79.32,2012-01
2012-02-29,79.34,80.12,78.1,78.79,2012-02
2012-03-31,78.74,80.74,78.63,78.95,2012-03
2012-04-30,79.0,80.18,78.64,78.77,2012-04
2012-05-31,78.77,83.22,78.6,83.07,2012-05
2012-06-30,83.17,83.54,81.19,81.6,2012-06
2012-07-31,81.55,84.1,81.53,82.67,2012-07
2012-08-31,82.66,83.51,80.96,81.25,2012-08
2012-09-30,81.21,81.67,78.6,79.89,2012-09
2012-10-31,80.11,80.33,78.94,79.94,2012-10
2012-11-30,79.94,81.46,79.86,80.15,2012-11
2012-12-31,79.98,80.66,79.01,79.81,2012-12
2013-01-31,79.69,80.87,79.13,79.22,2013-01
2013-02-28,79.14,82.0,78.92,81.94,2013-02
2013-03-31,81.89,83.3,81.78,82.98,2013-03
2013-04-30,83.14,83.49,81.6,81.72,2013-04
2013-05-31,81.72,84.5,81.33,83.26,2013-05
2013-06-30,83.26,83.38,80.5,83.18,2013-06
2013-07-31,83.14,84.75,81.41,81.65,2013-07
2013-08-31,81.65,82.49,80.75,82.03,2013-08
2013-09-30,81.98,82.67,80.03,80.22,2013-09
2013-10-31,80.23,80.75,79.0,80.25,2013-10
2013-11-30,80.25,81.48,80.22,80.65,2013-11
2013-12-31,80.59,80.99,79.69,80.15,2013-12
2014-01-31,80.16,81.39,80.04,81.27,2014-01
2014-02-28,81.24,81.32,79.69,79.77,2014-02
2014-03-31,79.87,80.35,79.27,80.12,2014-03
2014-04-30,80.13,80.6,79.33,79.52,2014-04
2014-05-31,79.52,80.58,78.91,80.39,2014-05
2014-06-30,80.39,81.02,79.76,79.8,2014-06
2014-07-31,79.79,81.57,79.74,81.45,2014-07
2014-08-31,81.45,82.75,81.19,82.72,2014-08
2014-09-30,82.71,86.22,82.67,85.91,2014-09
2014-10-31,85.9,87.13,84.47,86.92,2014-10
2014-11-30,87.02,88.46,86.88,88.29,2014-11
2014-12-31,88.21,90.32,87.63,90.26,2014-12
2015-01-31,90.26,95.53,90.24,94.74,2015-01
2015-02-28,94.81,95.36,93.25,95.29,2015-02
2015-03-31,95.36,100.42,95.06,98.47,2015-03
2015-04-30,98.47,99.99,94.4,94.77,2015-04
2015-05-31,94.76,97.78,93.13,96.85,2015-05
2015-06-30,96.88,97.68,93.56,95.54,2015-06
2015-07-31,95.52,98.15,95.45,97.21,2015-07
2015-08-31,97.23,98.33,92.62,95.94,2015-08
2015-09-30,95.96,96.7,94.06,96.24,2015-09
2015-10-31,96.24,97.82,93.81,96.92,2015-10
2015-11-30,96.76,100.31,96.64,100.21,2015-11
2015-12-31,100.23,100.51,97.19,98.63,2015-12
2016-01-31,98.63,99.83,98.05,99.57,2016-01
2016-02-29,99.6,99.7,95.24,98.23,2016-02
2016-03-31,98.24,98.58,94.32,94.65,2016-03
2016-04-30,94.65,95.2,93.01,93.02,2016-04
2016-05-31,93.04,95.97,91.92,95.83,2016-05
2016-06-30,95.82,96.71,93.02,95.89,2016-06
2016-07-31,95.93,97.57,95.34,95.8,2016-07
2016-08-31,95.58,96.71,94.08,96.01,2016-08
2016-09-30,96.0,96.32,94.46,95.46,2016-09
2016-10-31,95.47,99.12,95.46,98.33,2016-10
2016-11-30,98.35,102.05,95.89,101.52,2016-11
2016-12-31,101.58,103.65,99.43,102.68,2016-12
2017-01-31,102.39,103.82,99.43,99.57,2017-01
2017-02-28,99.56,101.77,99.23,101.33,2017-02
2017-03-31,101.34,102.27,98.85,100.56,2017-03
2017-04-30,100.52,101.35,98.69,99.04,2017-04
2017-05-31,99.03,99.89,96.79,96.98,2017-05
2017-06-30,96.99,97.87,95.47,95.62,2017-06
2017-07-31,95.64,96.51,92.77,92.85,2017-07
2017-08-31,92.85,94.15,91.62,92.59,2017-08
2017-09-30,92.62,93.67,91.01,93.07,2017-09
2017-10-31,93.12,95.16,92.75,94.56,2017-10
2017-11-30,94.56,95.15,92.49,93.01,2017-11
2017-12-31,93.02,94.22,92.07,92.28,2017-12
2018-01-31,92.27,92.65,88.42,89.09,2018-01
2018-02-28,89.08,90.7,88.24,90.66,2018-02
2018-03-31,90.25,90.93,88.94,89.97,2018-03
2018-04-30,90.01,91.99,89.23,91.83,2018-04
2018-05-31,91.83,95.04,91.8,93.98,2018-05
2018-06-30,93.99,95.54,93.17,94.47,2018-06
2018-07-31,94.61,95.66,93.71,94.56,2018-07
2018-08-31,94.56,96.99,94.43,95.1,2018-08
2018-09-30,95.19,95.75,93.81,95.06,2018-09
2018-10-31,95.13,97.2,94.78,97.13,2018-10
2018-11-30,97.1,97.7,95.67,97.2,2018-11
2018-12-31,96.99,97.72,96.04,96.06,2018-12
2019-01-31,96.07,96.97,95.02,95.55,2019-01
2019-02-28,95.56,97.38,95.39,96.23,2019-02
2019-03-31,96.22,97.72,95.74,97.2,2019-03
2019-04-30,97.2,98.34,96.74,97.54,2019-04
2019-05-31,97.52,98.38,97.03,97.61,2019-05
2019-06-30,97.77,97.81,95.84,96.14,2019-06
2019-07-31,96.84,98.7,96.17,98.59,2019-07
2019-08-31,98.59,99.03,97.04,98.81,2019-08
2019-09-30,98.79,99.47,97.79,99.4,2019-09
2019-10-31,99.4,99.68,97.11,97.33,2019-10
2019-11-30,97.25,98.55,97.11,98.29,2019-11
2019-12-31,98.27,98.39,96.35,96.49,2019-12
2020-01-31,96.5,98.19,96.3,97.36,2020-01
2020-02-29,97.41,99.92,97.39,98.14,2020-02
2020-03-31,97.99,103.01,94.63,98.94,2020-03
2020-04-30,98.95,100.94,98.79,99.04,2020-04
2020-05-31,98.95,100.58,97.94,98.3,2020-05
2020-06-30,98.24,98.32,95.71,97.39,2020-06
2020-07-31,97.39,97.64,92.54,93.49,2020-07
2020-08-31,93.46,94.0,91.99,92.15,2020-08
2020-09-30,92.15,94.75,91.74,93.83,2020-09
2020-10-31,93.83,94.11,92.47,94.03,2020-10
2020-11-30,94.04,94.32,91.5,92.03,2020-11
2020-12-31,92.02,92.04,89.51,89.95,2020-12
2021-01-31,89.94,90.96,89.2,90.54,2021-01
2021-02-28,90.56,91.6,89.68,90.94,2021-02
2021-03-31,90.9,93.45,90.63,93.21,2021-03
2021-04-30,93.2,93.34,90.42,91.3,2021-04
2021-05-31,91.25,91.44,89.53,89.85,2021-05
2021-06-30,89.85,92.45,89.66,92.35,2021-06
2021-07-31,92.36,93.2,91.78,92.06,2021-07
2021-08-31,92.11,93.73,91.82,92.65,2021-08
2021-09-30,92.65,94.51,91.95,94.24,2021-09
2021-10-31,94.25,94.57,93.28,94.12,2021-10
2021-11-30,94.13,96.95,93.82,95.9,2021-11
2021-12-31,95.91,96.92,95.57,95.65,2021-12
2022-01-31,95.63,97.45,94.63,96.64,2022-01
2022-02-28,96.64,97.74,95.13,96.71,2022-02
2022-03-31,96.71,99.42,96.62,98.35,2022-03
2022-04-30,98.35,103.94,98.29,103.21,2022-04
2022-05-31,103.17,105.03,101.29,101.79,2022-05
2022-06-30,101.79,105.67,101.64,104.73,2022-06
2022-07-31,104.72,109.3,104.71,105.83,2022-07
2022-08-31,105.86,109.49,104.63,108.71,2022-08
2022-09-30,108.7,114.79,107.68,112.22,2022-09
2022-10-31,112.18,113.96,109.53,111.58,2022-10
2022-11-30,111.58,113.16,105.31,105.98,2022-11
2022-12-31,106.0,106.04,103.39,103.49,2022-12
2023-01-31,103.48,105.64,101.5,102.1,2023-01
2023-02-28,102.09,105.36,100.8,104.99,2023-02
2023-03-31,104.99,105.89,101.91,102.44,2023-03
2023-04-30,102.64,103.07,100.78,101.67,2023-04
2023-05-31,101.64,104.7,101.03,104.23,2023-05
2023-06-30,104.22,104.51,101.89,102.92,2023-06
2023-07-31,102.93,103.58,99.55,101.88,2023-07
2023-08-31,101.87,104.45,101.74,103.64,2023-08
2023-09-30,103.64,106.84,103.27,106.19,2023-09
2023-10-31,106.21,107.35,105.35,106.71,2023-10
2023-11-30,106.72,107.12,102.46,103.51,2023-11
2023-12-31,103.52,104.29,100.62,101.38,2023-12
2024-01-31,101.37,103.83,101.27,103.52,2024-01
2024-02-29,103.52,104.98,102.9,104.13,2024-02
2024-03-31,104.13,104.73,102.36,104.5,2024-03
2024-04-30,104.52,106.52,103.88,106.29,2024-04
2024-05-31,106.3,106.49,104.08,104.65,2024-05
2024-06-30,104.62,106.14,103.99,105.84,2024-06
2024-07-31,105.71,106.06,103.64,104.03,2024-07
2024-08-31,104.03,104.45,100.51,101.73,2024-08
2024-09-30,101.71,101.92,100.15,100.75,2024-09
2024-10-31,100.74,104.57,100.68,103.9,2024-10
2024-11-30,103.88,108.12,103.34,105.77,2024-11
2024-12-31,105.82,108.59,105.41,108.48,2024-12
2025-01-31,108.48,110.18,106.96,108.53,2025-01
2025-02-28,109.37,109.89,106.12,107.57,2025-02
2025-03-31,107.38,107.41,103.19,104.19,2025-03
2025-04-30,104.18,104.37,97.91,99.65,2025-04
2025-05-31,99.64,101.98,98.69,99.44,2025-05
2025-06-30,99.4,99.43,96.77,96.77,2025-06
2025-07-31,96.78,100.1,96.37,100.07,2025-07
2025-08-31,100.06,100.26,97.56,97.85,2025-08
2025-09-30,97.79,98.65,96.22,97.83,2025-09
2025-10-31,97.84,99.85,97.46,99.73,2025-10
2025-11-30,99.87,100.41,98.99,99.47,2025-11
2025-12-31,99.49,99.57,97.75,98.27,2025-12
2026-01-31,98.28,99.5,95.51,97.13,2026-01
2026-02-28,97.14,98.08,96.49,97.62,2026-02
2026-03-31,97.93,100.65,97.77,99.88,2026-03
2026-04-30,99.89,100.29,97.63,98.1,2026-04
2026-05-31,98.09,99.55,97.62,98.93,2026-05
2026-06-30,98.97,101.8,98.92,101.17,2026-06
2026-07-31,101.16,101.6,100.55,101.08,2026-07
